symbol,filingDate,filing_detail_url,document_type,document_description,document_url,matched,error
CPRX,2026-07-08 00:00:00,https://www.sec.gov/Archives/edgar/data/1369568/000119312526298739/0001193125-26-298739-index.htm,8-K,8-K,https://www.sec.gov/Archives/edgar/data/1369568/000119312526298739/d109692d8k.htm,False,
CETY,2026-07-08 00:00:00,https://www.sec.gov/Archives/edgar/data/1329606/000149315226032551/0001493152-26-032551-index.htm,8-K,8-K,https://www.sec.gov/Archives/edgar/data/1329606/000149315226032551/form8-k.htm,True,
CETY,2026-07-08 00:00:00,https://www.sec.gov/Archives/edgar/data/1329606/000149315226032551/0001493152-26-032551-index.htm,EX-10.1,EX-10.1,https://www.sec.gov/Archives/edgar/data/1329606/000149315226032551/ex10-1.htm,False,
CETY,2026-07-08 00:00:00,https://www.sec.gov/Archives/edgar/data/1329606/000149315226032551/0001493152-26-032551-index.htm,EX-10.2,EX-10.2,https://www.sec.gov/Archives/edgar/data/1329606/000149315226032551/ex10-2.htm,False,
INUV,2026-07-08 00:00:00,https://www.sec.gov/Archives/edgar/data/829323/000165495426006551/0001654954-26-006551-index.htm,8-K,FORM 8-K,https://www.sec.gov/Archives/edgar/data/829323/000165495426006551/inuvo_8k.htm,False,
INUV,2026-07-08 00:00:00,https://www.sec.gov/Archives/edgar/data/829323/000165495426006551/0001654954-26-006551-index.htm,EX-99.1,PRESS RELEASE,https://www.sec.gov/Archives/edgar/data/829323/000165495426006551/inuvo_ex991.htm,False,
SSSS,2026-07-08 00:00:00,https://www.sec.gov/Archives/edgar/data/1509470/000149315226032550/0001493152-26-032550-index.htm,8-K,8-K,https://www.sec.gov/Archives/edgar/data/1509470/000149315226032550/form8-k.htm,False,
SSSS,2026-07-08 00:00:00,https://www.sec.gov/Archives/edgar/data/1509470/000149315226032550/0001493152-26-032550-index.htm,EX-99.1,EX-99.1,https://www.sec.gov/Archives/edgar/data/1509470/000149315226032550/ex99-1.htm,False,
NSLR,2026-07-08 00:00:00,https://www.sec.gov/Archives/edgar/data/1509470/000149315226032550/0001493152-26-032550-index.htm,8-K,8-K,https://www.sec.gov/Archives/edgar/data/1509470/000149315226032550/form8-k.htm,False,
NSLR,2026-07-08 00:00:00,https://www.sec.gov/Archives/edgar/data/1509470/000149315226032550/0001493152-26-032550-index.htm,EX-99.1,EX-99.1,https://www.sec.gov/Archives/edgar/data/1509470/000149315226032550/ex99-1.htm,False,
SSSSL,2026-07-08 00:00:00,https://www.sec.gov/Archives/edgar/data/1509470/000149315226032550/0001493152-26-032550-index.htm,8-K,8-K,https://www.sec.gov/Archives/edgar/data/1509470/000149315226032550/form8-k.htm,False,
SSSSL,2026-07-08 00:00:00,https://www.sec.gov/Archives/edgar/data/1509470/000149315226032550/0001493152-26-032550-index.htm,EX-99.1,EX-99.1,https://www.sec.gov/Archives/edgar/data/1509470/000149315226032550/ex99-1.htm,False,
NEE-PO,2026-07-08 00:00:00,https://www.sec.gov/Archives/edgar/data/753308/000110465926081863/0001104659-26-081863-index.htm,8-K,FORM 8-K,https://www.sec.gov/Archives/edgar/data/753308/000110465926081863/tm2614888d16_8k.htm,False,
NEE-PQ,2026-07-08 00:00:00,https://www.sec.gov/Archives/edgar/data/753308/000110465926081863/0001104659-26-081863-index.htm,8-K,FORM 8-K,https://www.sec.gov/Archives/edgar/data/753308/000110465926081863/tm2614888d16_8k.htm,False,
NEE-PR,2026-07-08 00:00:00,https://www.sec.gov/Archives/edgar/data/753308/000110465926081863/0001104659-26-081863-index.htm,8-K,FORM 8-K,https://www.sec.gov/Archives/edgar/data/753308/000110465926081863/tm2614888d16_8k.htm,False,
NEE-PP,2026-07-08 00:00:00,https://www.sec.gov/Archives/edgar/data/753308/000110465926081863/0001104659-26-081863-index.htm,8-K,FORM 8-K,https://www.sec.gov/Archives/edgar/data/753308/000110465926081863/tm2614888d16_8k.htm,False,
NEE,2026-07-08 00:00:00,https://www.sec.gov/Archives/edgar/data/753308/000110465926081863/0001104659-26-081863-index.htm,8-K,FORM 8-K,https://www.sec.gov/Archives/edgar/data/753308/000110465926081863/tm2614888d16_8k.htm,False,
NEEXU,2026-07-08 00:00:00,https://www.sec.gov/Archives/edgar/data/753308/000110465926081863/0001104659-26-081863-index.htm,8-K,FORM 8-K,https://www.sec.gov/Archives/edgar/data/753308/000110465926081863/tm2614888d16_8k.htm,False,
NEE-PN,2026-07-08 00:00:00,https://www.sec.gov/Archives/edgar/data/753308/000110465926081863/0001104659-26-081863-index.htm,8-K,FORM 8-K,https://www.sec.gov/Archives/edgar/data/753308/000110465926081863/tm2614888d16_8k.htm,False,
FTFT,2026-07-08 00:00:00,https://www.sec.gov/Archives/edgar/data/1066923/000121390026076459/0001213900-26-076459-index.htm,8-K,CURRENT REPORT,https://www.sec.gov/Archives/edgar/data/1066923/000121390026076459/ea0297411-8k_future.htm,False,
FTFT,2026-07-08 00:00:00,https://www.sec.gov/Archives/edgar/data/1066923/000121390026076459/0001213900-26-076459-index.htm,EX-99.1,"PRESS RELEASE, DATED JULY 8, 2026",https://www.sec.gov/Archives/edgar/data/1066923/000121390026076459/ea029741101ex99-1.htm,False,
SAFX,2026-07-08 00:00:00,https://www.sec.gov/Archives/edgar/data/2019793/000149315226032547/0001493152-26-032547-index.htm,8-K,8-K,https://www.sec.gov/Archives/edgar/data/2019793/000149315226032547/form8-k.htm,True,
SAFX,2026-07-08 00:00:00,https://www.sec.gov/Archives/edgar/data/2019793/000149315226032547/0001493152-26-032547-index.htm,EX-10.1,EX-10.1,https://www.sec.gov/Archives/edgar/data/2019793/000149315226032547/ex10-1.htm,False,
JEF,2026-07-08 00:00:00,https://www.sec.gov/Archives/edgar/data/96223/000114036126027986/0001140361-26-027986-index.htm,8-K,8-K,https://www.sec.gov/Archives/edgar/data/96223/000114036126027986/ef20077505_8k.htm,False,
JEF,2026-07-08 00:00:00,https://www.sec.gov/Archives/edgar/data/96223/000114036126027986/0001140361-26-027986-index.htm,EX-99.1,EXHIBIT 99.1,https://www.sec.gov/Archives/edgar/data/96223/000114036126027986/ef20077505_ex99-1.htm,False,
CPRT,2026-07-08 00:00:00,https://www.sec.gov/Archives/edgar/data/900075/000119312526298722/0001193125-26-298722-index.htm,8-K,8-K,https://www.sec.gov/Archives/edgar/data/900075/000119312526298722/d115993d8k.htm,False,
CPRT,2026-07-08 00:00:00,https://www.sec.gov/Archives/edgar/data/900075/000119312526298722/0001193125-26-298722-index.htm,EX-99.1,EX-99.1,https://www.sec.gov/Archives/edgar/data/900075/000119312526298722/d115993dex991.htm,False,
RH,2026-07-08 00:00:00,https://www.sec.gov/Archives/edgar/data/1528849/000110465926081857/0001104659-26-081857-index.htm,8-K,8-K,https://www.sec.gov/Archives/edgar/data/1528849/000110465926081857/rh-20260708x8k.htm,False,
RH,2026-07-08 00:00:00,https://www.sec.gov/Archives/edgar/data/1528849/000110465926081857/0001104659-26-081857-index.htm,EX-99.1,EX-99.1,https://www.sec.gov/Archives/edgar/data/1528849/000110465926081857/rh-20260708xex99d1.htm,False,
None,2026-07-08 00:00:00,https://www.sec.gov/Archives/edgar/data/1976927/000197692726000050/0001976927-26-000050-index.htm,8-K,8-K,https://www.sec.gov/Archives/edgar/data/1976927/000197692726000050/incref-20260701.htm,False,
None,2026-07-08 00:00:00,https://www.sec.gov/Archives/edgar/data/2128115/000110465926081855/0001104659-26-081855-index.htm,8-K,FORM 8-K,https://www.sec.gov/Archives/edgar/data/2128115/000110465926081855/tm2619522d2_8k.htm,False,
None,2026-07-08 00:00:00,https://www.sec.gov/Archives/edgar/data/2128115/000110465926081855/0001104659-26-081855-index.htm,EX-99.1,EXHIBIT 99.1,https://www.sec.gov/Archives/edgar/data/2128115/000110465926081855/tm2619522d2_ex99-1.htm,False,
RAAQW,2026-07-08 00:00:00,https://www.sec.gov/Archives/edgar/data/2052161/000121390026076453/0001213900-26-076453-index.htm,8-K,CURRENT REPORT,https://www.sec.gov/Archives/edgar/data/2052161/000121390026076453/ea0297426-8k_real.htm,True,
RAAQW,2026-07-08 00:00:00,https://www.sec.gov/Archives/edgar/data/2052161/000121390026076453/0001213900-26-076453-index.htm,EX-10.1,"REGISTRATION RIGHTS AGREEMENT DATED AS OF JULY 1, 2026, BY AND AMONG THE SPONSOR",https://www.sec.gov/Archives/edgar/data/2052161/000121390026076453/ea029742601ex10-1.htm,False,
RAAQW,2026-07-08 00:00:00,https://www.sec.gov/Archives/edgar/data/2052161/000121390026076453/0001213900-26-076453-index.htm,EX-10.2,"WARRANT ASSIGNMENT, ASSUMPTION AND AMENDMENT AGREEMENT DATED AS OF JULY 1, 2026,",https://www.sec.gov/Archives/edgar/data/2052161/000121390026076453/ea029742601ex10-2.htm,False,
RAAQU,2026-07-08 00:00:00,https://www.sec.gov/Archives/edgar/data/2052161/000121390026076453/0001213900-26-076453-index.htm,8-K,CURRENT REPORT,https://www.sec.gov/Archives/edgar/data/2052161/000121390026076453/ea0297426-8k_real.htm,True,
RAAQU,2026-07-08 00:00:00,https://www.sec.gov/Archives/edgar/data/2052161/000121390026076453/0001213900-26-076453-index.htm,EX-10.1,"REGISTRATION RIGHTS AGREEMENT DATED AS OF JULY 1, 2026, BY AND AMONG THE SPONSOR",https://www.sec.gov/Archives/edgar/data/2052161/000121390026076453/ea029742601ex10-1.htm,False,
RAAQU,2026-07-08 00:00:00,https://www.sec.gov/Archives/edgar/data/2052161/000121390026076453/0001213900-26-076453-index.htm,EX-10.2,"WARRANT ASSIGNMENT, ASSUMPTION AND AMENDMENT AGREEMENT DATED AS OF JULY 1, 2026,",https://www.sec.gov/Archives/edgar/data/2052161/000121390026076453/ea029742601ex10-2.htm,False,
RAAQ,2026-07-08 00:00:00,https://www.sec.gov/Archives/edgar/data/2052161/000121390026076453/0001213900-26-076453-index.htm,8-K,CURRENT REPORT,https://www.sec.gov/Archives/edgar/data/2052161/000121390026076453/ea0297426-8k_real.htm,True,
RAAQ,2026-07-08 00:00:00,https://www.sec.gov/Archives/edgar/data/2052161/000121390026076453/0001213900-26-076453-index.htm,EX-10.1,"REGISTRATION RIGHTS AGREEMENT DATED AS OF JULY 1, 2026, BY AND AMONG THE SPONSOR",https://www.sec.gov/Archives/edgar/data/2052161/000121390026076453/ea029742601ex10-1.htm,False,
RAAQ,2026-07-08 00:00:00,https://www.sec.gov/Archives/edgar/data/2052161/000121390026076453/0001213900-26-076453-index.htm,EX-10.2,"WARRANT ASSIGNMENT, ASSUMPTION AND AMENDMENT AGREEMENT DATED AS OF JULY 1, 2026,",https://www.sec.gov/Archives/edgar/data/2052161/000121390026076453/ea029742601ex10-2.htm,False,
CTHR,2026-07-08 00:00:00,https://www.sec.gov/Archives/edgar/data/1015155/000110465926081852/0001104659-26-081852-index.htm,8-K,FORM 8-K,https://www.sec.gov/Archives/edgar/data/1015155/000110465926081852/tm2620088d1_8k.htm,True,
CTHRQ,2026-07-08 00:00:00,https://www.sec.gov/Archives/edgar/data/1015155/000110465926081852/0001104659-26-081852-index.htm,8-K,FORM 8-K,https://www.sec.gov/Archives/edgar/data/1015155/000110465926081852/tm2620088d1_8k.htm,True,
TRAK,2026-07-08 00:00:00,https://www.sec.gov/Archives/edgar/data/50471/000143774926023059/0001437749-26-023059-index.htm,8-K,FORM 8-K,https://www.sec.gov/Archives/edgar/data/50471/000143774926023059/trak20260708_8k.htm,True,
TRAK,2026-07-08 00:00:00,https://www.sec.gov/Archives/edgar/data/50471/000143774926023059/0001437749-26-023059-index.htm,EX-10.1,EXHIBIT 10.1,https://www.sec.gov/Archives/edgar/data/50471/000143774926023059/ex_985725.htm,False,
TRAK,2026-07-08 00:00:00,https://www.sec.gov/Archives/edgar/data/50471/000143774926023059/0001437749-26-023059-index.htm,EX-10.2,EXHIBIT 10.2,https://www.sec.gov/Archives/edgar/data/50471/000143774926023059/ex_985726.htm,False,
PCYG,2026-07-08 00:00:00,https://www.sec.gov/Archives/edgar/data/50471/000143774926023059/0001437749-26-023059-index.htm,8-K,FORM 8-K,https://www.sec.gov/Archives/edgar/data/50471/000143774926023059/trak20260708_8k.htm,True,
PCYG,2026-07-08 00:00:00,https://www.sec.gov/Archives/edgar/data/50471/000143774926023059/0001437749-26-023059-index.htm,EX-10.1,EXHIBIT 10.1,https://www.sec.gov/Archives/edgar/data/50471/000143774926023059/ex_985725.htm,False,
PCYG,2026-07-08 00:00:00,https://www.sec.gov/Archives/edgar/data/50471/000143774926023059/0001437749-26-023059-index.htm,EX-10.2,EXHIBIT 10.2,https://www.sec.gov/Archives/edgar/data/50471/000143774926023059/ex_985726.htm,False,
AFJKR,2026-07-08 00:00:00,https://www.sec.gov/Archives/edgar/data/1979005/000149315226032541/0001493152-26-032541-index.htm,8-K,8-K,https://www.sec.gov/Archives/edgar/data/1979005/000149315226032541/form8-k.htm,False,
AFJKR,2026-07-08 00:00:00,https://www.sec.gov/Archives/edgar/data/1979005/000149315226032541/0001493152-26-032541-index.htm,EX-99.1,EX-99.1,https://www.sec.gov/Archives/edgar/data/1979005/000149315226032541/ex99-1.htm,False,
AFJK,2026-07-08 00:00:00,https://www.sec.gov/Archives/edgar/data/1979005/000149315226032541/0001493152-26-032541-index.htm,8-K,8-K,https://www.sec.gov/Archives/edgar/data/1979005/000149315226032541/form8-k.htm,False,
AFJK,2026-07-08 00:00:00,https://www.sec.gov/Archives/edgar/data/1979005/000149315226032541/0001493152-26-032541-index.htm,EX-99.1,EX-99.1,https://www.sec.gov/Archives/edgar/data/1979005/000149315226032541/ex99-1.htm,False,
AFJKU,2026-07-08 00:00:00,https://www.sec.gov/Archives/edgar/data/1979005/000149315226032541/0001493152-26-032541-index.htm,8-K,8-K,https://www.sec.gov/Archives/edgar/data/1979005/000149315226032541/form8-k.htm,False,
AFJKU,2026-07-08 00:00:00,https://www.sec.gov/Archives/edgar/data/1979005/000149315226032541/0001493152-26-032541-index.htm,EX-99.1,EX-99.1,https://www.sec.gov/Archives/edgar/data/1979005/000149315226032541/ex99-1.htm,False,
VOYA,2026-07-08 00:00:00,https://www.sec.gov/Archives/edgar/data/1535929/000153592926000138/0001535929-26-000138-index.htm,8-K,8-K,https://www.sec.gov/Archives/edgar/data/1535929/000153592926000138/voya-20260708.htm,False,
VOYA-PB,2026-07-08 00:00:00,https://www.sec.gov/Archives/edgar/data/1535929/000153592926000138/0001535929-26-000138-index.htm,8-K,8-K,https://www.sec.gov/Archives/edgar/data/1535929/000153592926000138/voya-20260708.htm,False,
CUBB,2026-07-08 00:00:00,https://www.sec.gov/Archives/edgar/data/1488813/000148881326000078/0001488813-26-000078-index.htm,8-K,8-K,https://www.sec.gov/Archives/edgar/data/1488813/000148881326000078/cubi-20260708.htm,False,
CUBB,2026-07-08 00:00:00,https://www.sec.gov/Archives/edgar/data/1488813/000148881326000078/0001488813-26-000078-index.htm,EX-10.1,EX-10.1,https://www.sec.gov/Archives/edgar/data/1488813/000148881326000078/ex101serp-lcunninghamjul.htm,False,
CUBI,2026-07-08 00:00:00,https://www.sec.gov/Archives/edgar/data/1488813/000148881326000078/0001488813-26-000078-index.htm,8-K,8-K,https://www.sec.gov/Archives/edgar/data/1488813/000148881326000078/cubi-20260708.htm,False,
CUBI,2026-07-08 00:00:00,https://www.sec.gov/Archives/edgar/data/1488813/000148881326000078/0001488813-26-000078-index.htm,EX-10.1,EX-10.1,https://www.sec.gov/Archives/edgar/data/1488813/000148881326000078/ex101serp-lcunninghamjul.htm,False,
CUBI-PE,2026-07-08 00:00:00,https://www.sec.gov/Archives/edgar/data/1488813/000148881326000078/0001488813-26-000078-index.htm,8-K,8-K,https://www.sec.gov/Archives/edgar/data/1488813/000148881326000078/cubi-20260708.htm,False,
CUBI-PE,2026-07-08 00:00:00,https://www.sec.gov/Archives/edgar/data/1488813/000148881326000078/0001488813-26-000078-index.htm,EX-10.1,EX-10.1,https://www.sec.gov/Archives/edgar/data/1488813/000148881326000078/ex101serp-lcunninghamjul.htm,False,
CUBI-PF,2026-07-08 00:00:00,https://www.sec.gov/Archives/edgar/data/1488813/000148881326000078/0001488813-26-000078-index.htm,8-K,8-K,https://www.sec.gov/Archives/edgar/data/1488813/000148881326000078/cubi-20260708.htm,False,
CUBI-PF,2026-07-08 00:00:00,https://www.sec.gov/Archives/edgar/data/1488813/000148881326000078/0001488813-26-000078-index.htm,EX-10.1,EX-10.1,https://www.sec.gov/Archives/edgar/data/1488813/000148881326000078/ex101serp-lcunninghamjul.htm,False,
ORC,2026-07-08 00:00:00,https://www.sec.gov/Archives/edgar/data/1518621/000143774926023058/0001437749-26-023058-index.htm,8-K,FORM 8-K,https://www.sec.gov/Archives/edgar/data/1518621/000143774926023058/orc20260707_8k.htm,False,
ORC,2026-07-08 00:00:00,https://www.sec.gov/Archives/edgar/data/1518621/000143774926023058/0001437749-26-023058-index.htm,EX-99.1,EXHIBIT 99.1,https://www.sec.gov/Archives/edgar/data/1518621/000143774926023058/ex_985457.htm,False,
None,2026-07-08 00:00:00,https://www.sec.gov/Archives/edgar/data/2094496/000121390026076444/0001213900-26-076444-index.htm,8-K,CURRENT REPORT,https://www.sec.gov/Archives/edgar/data/2094496/000121390026076444/ea0297239-8k_securitize.htm,True,
None,2026-07-08 00:00:00,https://www.sec.gov/Archives/edgar/data/2094496/000121390026076444/0001213900-26-076444-index.htm,EX-99.1,UNAUDITED PRO FORMA CONDENSED COMBINED FINANCIAL INFORMATION OF CEPT AND SECURIT,https://www.sec.gov/Archives/edgar/data/2094496/000121390026076444/ea029723901ex99-1.htm,False,
None,2026-07-08 00:00:00,https://www.sec.gov/Archives/edgar/data/2128045/000121390026076443/0001213900-26-076443-index.htm,8-K,CURRENT REPORT,https://www.sec.gov/Archives/edgar/data/2128045/000121390026076443/ea0297306-8k_bleich3.htm,True,
None,2026-07-08 00:00:00,https://www.sec.gov/Archives/edgar/data/2128045/000121390026076443/0001213900-26-076443-index.htm,EX-10.1,"LETTER AGREEMENT, DATED JULY 6, 2026, BY AND AMONG BLEICHROEDER ACQUISITION CORP",https://www.sec.gov/Archives/edgar/data/2128045/000121390026076443/ea029730601ex10-1.htm,False,
None,2026-07-08 00:00:00,https://www.sec.gov/Archives/edgar/data/2128045/000121390026076443/0001213900-26-076443-index.htm,EX-10.2,"INVESTMENT MANAGEMENT TRUST AGREEMENT, JULY 6, 2026, BY AND BETWEEN BLEICHROEDER",https://www.sec.gov/Archives/edgar/data/2128045/000121390026076443/ea029730601ex10-2.htm,False,
None,2026-07-08 00:00:00,https://www.sec.gov/Archives/edgar/data/2128045/000121390026076443/0001213900-26-076443-index.htm,EX-99.1,"PRICING PRESS RELEASE, DATED JULY 6, 2026",https://www.sec.gov/Archives/edgar/data/2128045/000121390026076443/ea029730601ex99-1.htm,False,
MNST,2026-07-08 00:00:00,https://www.sec.gov/Archives/edgar/data/865752/000110465926081842/0001104659-26-081842-index.htm,8-K,FORM 8-K,https://www.sec.gov/Archives/edgar/data/865752/000110465926081842/tm2619964d1_8k.htm,False,
MNST,2026-07-08 00:00:00,https://www.sec.gov/Archives/edgar/data/865752/000110465926081842/0001104659-26-081842-index.htm,EX-99.1,EXHIBIT 99.1,https://www.sec.gov/Archives/edgar/data/865752/000110465926081842/tm2619964d1_ex99-1.htm,False,
COMM,2026-07-08 00:00:00,https://www.sec.gov/Archives/edgar/data/1517228/000119312526298682/0001193125-26-298682-index.htm,8-K,8-K,https://www.sec.gov/Archives/edgar/data/1517228/000119312526298682/visn-20260701.htm,False,
COMM,2026-07-08 00:00:00,https://www.sec.gov/Archives/edgar/data/1517228/000119312526298682/0001193125-26-298682-index.htm,EX-99.1,EX-99.1,https://www.sec.gov/Archives/edgar/data/1517228/000119312526298682/visn-ex99_1.htm,False,
APA,2026-07-08 00:00:00,https://www.sec.gov/Archives/edgar/data/1841666/000184166626000045/0001841666-26-000045-index.htm,8-K,8-K,https://www.sec.gov/Archives/edgar/data/1841666/000184166626000045/apa8k-20260708.htm,False,
APA,2026-07-08 00:00:00,https://www.sec.gov/Archives/edgar/data/1841666/000184166626000045/0001841666-26-000045-index.htm,EX-99.1,EX-99.1,https://www.sec.gov/Archives/edgar/data/1841666/000184166626000045/a2q26supplementalguide-ear.htm,False,
None,2026-07-08 00:00:00,https://www.sec.gov/Archives/edgar/data/1851048/000185104826000011/0001851048-26-000011-index.htm,8-K,FORM 8-K,https://www.sec.gov/Archives/edgar/data/1851048/000185104826000011/cyrb8k.htm,False,
GPRO,2026-07-08 00:00:00,https://www.sec.gov/Archives/edgar/data/1500435/000150043526000028/0001500435-26-000028-index.htm,8-K,8-K,https://www.sec.gov/Archives/edgar/data/1500435/000150043526000028/gpro-20260701.htm,True,
GPRO,2026-07-08 00:00:00,https://www.sec.gov/Archives/edgar/data/1500435/000150043526000028/0001500435-26-000028-index.htm,EX-99.1,EX-99.1,https://www.sec.gov/Archives/edgar/data/1500435/000150043526000028/gpro2026-07x08exhibit991.htm,False,
CEPT,2026-07-08 00:00:00,https://www.sec.gov/Archives/edgar/data/2034269/000121390026076435/0001213900-26-076435-index.htm,8-K,CURRENT REPORT,https://www.sec.gov/Archives/edgar/data/2034269/000121390026076435/ea0297280-8k_cantor2.htm,False,
BRBR,2026-07-08 00:00:00,https://www.sec.gov/Archives/edgar/data/1772016/000162828026047674/0001628280-26-047674-index.htm,8-K,8-K,https://www.sec.gov/Archives/edgar/data/1772016/000162828026047674/brbr-20260708.htm,False,
BRBR,2026-07-08 00:00:00,https://www.sec.gov/Archives/edgar/data/1772016/000162828026047674/0001628280-26-047674-index.htm,EX-99.1,EX-99.1 PR AXELROD APPOINTMENT,https://www.sec.gov/Archives/edgar/data/1772016/000162828026047674/exhib991_bellringbrandsapp.htm,False,
CMG,2026-07-08 00:00:00,https://www.sec.gov/Archives/edgar/data/1058090/000105809026000058/0001058090-26-000058-index.htm,8-K,8-K,https://www.sec.gov/Archives/edgar/data/1058090/000105809026000058/cmg-20260707.htm,False,
RWODW,2026-07-08 00:00:00,https://www.sec.gov/Archives/edgar/data/1907223/000121390026076432/0001213900-26-076432-index.htm,8-K,CURRENT REPORT,https://www.sec.gov/Archives/edgar/data/1907223/000121390026076432/ea0297434-8k_greenland.htm,False,
RWODU,2026-07-08 00:00:00,https://www.sec.gov/Archives/edgar/data/1907223/000121390026076432/0001213900-26-076432-index.htm,8-K,CURRENT REPORT,https://www.sec.gov/Archives/edgar/data/1907223/000121390026076432/ea0297434-8k_greenland.htm,False,
RWODR,2026-07-08 00:00:00,https://www.sec.gov/Archives/edgar/data/1907223/000121390026076432/0001213900-26-076432-index.htm,8-K,CURRENT REPORT,https://www.sec.gov/Archives/edgar/data/1907223/000121390026076432/ea0297434-8k_greenland.htm,False,
RWOD,2026-07-08 00:00:00,https://www.sec.gov/Archives/edgar/data/1907223/000121390026076432/0001213900-26-076432-index.htm,8-K,CURRENT REPORT,https://www.sec.gov/Archives/edgar/data/1907223/000121390026076432/ea0297434-8k_greenland.htm,False,
NCRA,2026-07-08 00:00:00,https://www.sec.gov/Archives/edgar/data/1756180/000168316826005361/0001683168-26-005361-index.htm,8-K,CURRENT REPORT,https://www.sec.gov/Archives/edgar/data/1756180/000168316826005361/nocera_8k.htm,True,
NCRA,2026-07-08 00:00:00,https://www.sec.gov/Archives/edgar/data/1756180/000168316826005361/0001683168-26-005361-index.htm,EX-10.1,LETTER OF INTENT,https://www.sec.gov/Archives/edgar/data/1756180/000168316826005361/nocera_ex1001.htm,False,
NCRA,2026-07-08 00:00:00,https://www.sec.gov/Archives/edgar/data/1756180/000168316826005361/0001683168-26-005361-index.htm,EX-99.1,PRESS RELEASE,https://www.sec.gov/Archives/edgar/data/1756180/000168316826005361/nocera_ex9901.htm,False,
RFL,2026-07-08 00:00:00,https://www.sec.gov/Archives/edgar/data/1713863/000121390026076411/0001213900-26-076411-index.htm,8-K,CURRENT REPORT,https://www.sec.gov/Archives/edgar/data/1713863/000121390026076411/ea0297442-8k_rafael.htm,False,
RFL,2026-07-08 00:00:00,https://www.sec.gov/Archives/edgar/data/1713863/000121390026076411/0001213900-26-076411-index.htm,EX-99.1,INVESTOR PRESENTATION,https://www.sec.gov/Archives/edgar/data/1713863/000121390026076411/ea029744201ex99-1.htm,False,
CRGY,2026-07-08 00:00:00,https://www.sec.gov/Archives/edgar/data/1866175/000186617526000103/0001866175-26-000103-index.htm,8-K,8-K,https://www.sec.gov/Archives/edgar/data/1866175/000186617526000103/crgy-20260708.htm,False,
None,2026-07-08 00:00:00,https://www.sec.gov/Archives/edgar/data/1966394/000119312526298611/0001193125-26-298611-index.htm,8-K,8-K,https://www.sec.gov/Archives/edgar/data/1966394/000119312526298611/ck0001966394-20260701.htm,False,
EARN,2026-07-08 00:00:00,https://www.sec.gov/Archives/edgar/data/1560672/000162828026047662/0001628280-26-047662-index.htm,8-K,8-K,https://www.sec.gov/Archives/edgar/data/1560672/000162828026047662/earn-20260708.htm,False,
EARN,2026-07-08 00:00:00,https://www.sec.gov/Archives/edgar/data/1560672/000162828026047662/0001628280-26-047662-index.htm,EX-99.1,EX-99.1,https://www.sec.gov/Archives/edgar/data/1560672/000162828026047662/earn-exxjuly2026dividendan.htm,False,
ELLA,2026-07-08 00:00:00,https://www.sec.gov/Archives/edgar/data/1560672/000162828026047662/0001628280-26-047662-index.htm,8-K,8-K,https://www.sec.gov/Archives/edgar/data/1560672/000162828026047662/earn-20260708.htm,False,
ELLA,2026-07-08 00:00:00,https://www.sec.gov/Archives/edgar/data/1560672/000162828026047662/0001628280-26-047662-index.htm,EX-99.1,EX-99.1,https://www.sec.gov/Archives/edgar/data/1560672/000162828026047662/earn-exxjuly2026dividendan.htm,False,
FTW-WT,2026-07-08 00:00:00,https://www.sec.gov/Archives/edgar/data/2083125/000121390026076399/0001213900-26-076399-index.htm,8-K,CURRENT REPORT,https://www.sec.gov/Archives/edgar/data/2083125/000121390026076399/ea0297001-8k_presidio.htm,True,
FTW-WT,2026-07-08 00:00:00,https://www.sec.gov/Archives/edgar/data/2083125/000121390026076399/0001213900-26-076399-index.htm,EX-10.1,"PURCHASE AND SALE AGREEMENT, DATED MAY 7, 2026, BETWEEN ALCHEMIST ENERGY LEASECO",https://www.sec.gov/Archives/edgar/data/2083125/000121390026076399/ea029700101ex10-1.htm,True,
FTW-WT,2026-07-08 00:00:00,https://www.sec.gov/Archives/edgar/data/2083125/000121390026076399/0001213900-26-076399-index.htm,EX-10.2,"PURCHASE AND SALE AGREEMENT, DATED MAY 7, 2026, BETWEEN CANYON CREEK ENERGY - AR",https://www.sec.gov/Archives/edgar/data/2083125/000121390026076399/ea029700101ex10-2.htm,True,
FTW-WT,2026-07-08 00:00:00,https://www.sec.gov/Archives/edgar/data/2083125/000121390026076399/0001213900-26-076399-index.htm,EX-99.1,"PRESS RELEASE, DATED JULY 2026",https://www.sec.gov/Archives/edgar/data/2083125/000121390026076399/ea029700101ex99-1.htm,False,
FTW,2026-07-08 00:00:00,https://www.sec.gov/Archives/edgar/data/2083125/000121390026076399/0001213900-26-076399-index.htm,8-K,CURRENT REPORT,https://www.sec.gov/Archives/edgar/data/2083125/000121390026076399/ea0297001-8k_presidio.htm,True,
FTW,2026-07-08 00:00:00,https://www.sec.gov/Archives/edgar/data/2083125/000121390026076399/0001213900-26-076399-index.htm,EX-10.1,"PURCHASE AND SALE AGREEMENT, DATED MAY 7, 2026, BETWEEN ALCHEMIST ENERGY LEASECO",https://www.sec.gov/Archives/edgar/data/2083125/000121390026076399/ea029700101ex10-1.htm,True,
FTW,2026-07-08 00:00:00,https://www.sec.gov/Archives/edgar/data/2083125/000121390026076399/0001213900-26-076399-index.htm,EX-10.2,"PURCHASE AND SALE AGREEMENT, DATED MAY 7, 2026, BETWEEN CANYON CREEK ENERGY - AR",https://www.sec.gov/Archives/edgar/data/2083125/000121390026076399/ea029700101ex10-2.htm,True,
FTW,2026-07-08 00:00:00,https://www.sec.gov/Archives/edgar/data/2083125/000121390026076399/0001213900-26-076399-index.htm,EX-99.1,"PRESS RELEASE, DATED JULY 2026",https://www.sec.gov/Archives/edgar/data/2083125/000121390026076399/ea029700101ex99-1.htm,False,
None,2026-07-08 00:00:00,https://www.sec.gov/Archives/edgar/data/1944366/000194436626000053/0001944366-26-000053-index.htm,8-K,8-K,https://www.sec.gov/Archives/edgar/data/1944366/000194436626000053/osnl-20260701.htm,True,
OGS,2026-07-08 00:00:00,https://www.sec.gov/Archives/edgar/data/1587732/000158773226000029/0001587732-26-000029-index.htm,8-K,8-K,https://www.sec.gov/Archives/edgar/data/1587732/000158773226000029/ogs-20260708.htm,False,
OGS,2026-07-08 00:00:00,https://www.sec.gov/Archives/edgar/data/1587732/000158773226000029/0001587732-26-000029-index.htm,EX-99.1,EX-99.1,https://www.sec.gov/Archives/edgar/data/1587732/000158773226000029/ogsq22026ecnr.htm,False,
None,2026-07-08 00:00:00,https://www.sec.gov/Archives/edgar/data/2026738/000119312526298597/0001193125-26-298597-index.htm,8-K,8-K,https://www.sec.gov/Archives/edgar/data/2026738/000119312526298597/ck0002026738-20260701.htm,False,
None,2026-07-08 00:00:00,https://www.sec.gov/Archives/edgar/data/1868516/000110465926081811/0001104659-26-081811-index.htm,8-K,8-K,https://www.sec.gov/Archives/edgar/data/1868516/000110465926081811/sdir-20260708x8k.htm,False,
None,2026-07-08 00:00:00,https://www.sec.gov/Archives/edgar/data/1868516/000110465926081811/0001104659-26-081811-index.htm,EX-99.1,EX-99.1,https://www.sec.gov/Archives/edgar/data/1868516/000110465926081811/sdir-20260708xex99d1.htm,False,
SRCU,2026-07-08 00:00:00,https://www.sec.gov/Archives/edgar/data/1126956/000119312526298586/0001193125-26-298586-index.htm,8-K,8-K,https://www.sec.gov/Archives/edgar/data/1126956/000119312526298586/sr-20260708.htm,False,
SRCU,2026-07-08 00:00:00,https://www.sec.gov/Archives/edgar/data/1126956/000119312526298586/0001193125-26-298586-index.htm,EX-99.1,EX-99.1,https://www.sec.gov/Archives/edgar/data/1126956/000119312526298586/sr-ex99_1.htm,False,
SR,2026-07-08 00:00:00,https://www.sec.gov/Archives/edgar/data/1126956/000119312526298586/0001193125-26-298586-index.htm,8-K,8-K,https://www.sec.gov/Archives/edgar/data/1126956/000119312526298586/sr-20260708.htm,False,
SR,2026-07-08 00:00:00,https://www.sec.gov/Archives/edgar/data/1126956/000119312526298586/0001193125-26-298586-index.htm,EX-99.1,EX-99.1,https://www.sec.gov/Archives/edgar/data/1126956/000119312526298586/sr-ex99_1.htm,False,
SR-PA,2026-07-08 00:00:00,https://www.sec.gov/Archives/edgar/data/1126956/000119312526298586/0001193125-26-298586-index.htm,8-K,8-K,https://www.sec.gov/Archives/edgar/data/1126956/000119312526298586/sr-20260708.htm,False,
SR-PA,2026-07-08 00:00:00,https://www.sec.gov/Archives/edgar/data/1126956/000119312526298586/0001193125-26-298586-index.htm,EX-99.1,EX-99.1,https://www.sec.gov/Archives/edgar/data/1126956/000119312526298586/sr-ex99_1.htm,False,
None,2026-07-08 00:00:00,https://www.sec.gov/Archives/edgar/data/1711799/000119312526298587/0001193125-26-298587-index.htm,8-K,8-K,https://www.sec.gov/Archives/edgar/data/1711799/000119312526298587/d112399d8k.htm,False,
None,2026-07-08 00:00:00,https://www.sec.gov/Archives/edgar/data/1711799/000119312526298587/0001193125-26-298587-index.htm,EX-99.1,EX-99.1,https://www.sec.gov/Archives/edgar/data/1711799/000119312526298587/d112399dex991.htm,False,
GRIL,2026-07-08 00:00:00,https://www.sec.gov/Archives/edgar/data/1701756/000173112226000925/0001731122-26-000925-index.htm,8-K,FORM 8-K,https://www.sec.gov/Archives/edgar/data/1701756/000173112226000925/e7766_8-k.htm,True,
GRIL,2026-07-08 00:00:00,https://www.sec.gov/Archives/edgar/data/1701756/000173112226000925/0001731122-26-000925-index.htm,EX-10.1,EXHIBIT 10.1,https://www.sec.gov/Archives/edgar/data/1701756/000173112226000925/e7766_ex10-1.htm,False,
GRIL,2026-07-08 00:00:00,https://www.sec.gov/Archives/edgar/data/1701756/000173112226000925/0001731122-26-000925-index.htm,EX-10.2,EXHIBIT 10.2,https://www.sec.gov/Archives/edgar/data/1701756/000173112226000925/e7766_ex10-2.htm,False,
INVH,2026-07-08 00:00:00,https://www.sec.gov/Archives/edgar/data/1687229/000119312526298582/0001193125-26-298582-index.htm,8-K,8-K,https://www.sec.gov/Archives/edgar/data/1687229/000119312526298582/d116394d8k.htm,True,
PWVI,2026-07-08 00:00:00,https://www.sec.gov/Archives/edgar/data/933972/000165495426006548/0001654954-26-006548-index.htm,8-K,FORM 8-K,https://www.sec.gov/Archives/edgar/data/933972/000165495426006548/scwo_8k.htm,False,
PWVI,2026-07-08 00:00:00,https://www.sec.gov/Archives/edgar/data/933972/000165495426006548/0001654954-26-006548-index.htm,EX-10.1,EMPLOYMENT AGREEMENT,https://www.sec.gov/Archives/edgar/data/933972/000165495426006548/scwo_ex101.htm,False,
SCWO,2026-07-08 00:00:00,https://www.sec.gov/Archives/edgar/data/933972/000165495426006548/0001654954-26-006548-index.htm,8-K,FORM 8-K,https://www.sec.gov/Archives/edgar/data/933972/000165495426006548/scwo_8k.htm,False,
SCWO,2026-07-08 00:00:00,https://www.sec.gov/Archives/edgar/data/933972/000165495426006548/0001654954-26-006548-index.htm,EX-10.1,EMPLOYMENT AGREEMENT,https://www.sec.gov/Archives/edgar/data/933972/000165495426006548/scwo_ex101.htm,False,
NCPLW,2026-07-08 00:00:00,https://www.sec.gov/Archives/edgar/data/1414767/000149315226032527/0001493152-26-032527-index.htm,8-K,8-K,https://www.sec.gov/Archives/edgar/data/1414767/000149315226032527/form8-k.htm,True,
NCPLW,2026-07-08 00:00:00,https://www.sec.gov/Archives/edgar/data/1414767/000149315226032527/0001493152-26-032527-index.htm,EX-10.1,EX-10.1,https://www.sec.gov/Archives/edgar/data/1414767/000149315226032527/ex10-1.htm,False,
NCPLW,2026-07-08 00:00:00,https://www.sec.gov/Archives/edgar/data/1414767/000149315226032527/0001493152-26-032527-index.htm,EX-99.1,EX-99.1,https://www.sec.gov/Archives/edgar/data/1414767/000149315226032527/ex99-1.htm,False,
NCPL,2026-07-08 00:00:00,https://www.sec.gov/Archives/edgar/data/1414767/000149315226032527/0001493152-26-032527-index.htm,8-K,8-K,https://www.sec.gov/Archives/edgar/data/1414767/000149315226032527/form8-k.htm,True,
NCPL,2026-07-08 00:00:00,https://www.sec.gov/Archives/edgar/data/1414767/000149315226032527/0001493152-26-032527-index.htm,EX-10.1,EX-10.1,https://www.sec.gov/Archives/edgar/data/1414767/000149315226032527/ex10-1.htm,False,
NCPL,2026-07-08 00:00:00,https://www.sec.gov/Archives/edgar/data/1414767/000149315226032527/0001493152-26-032527-index.htm,EX-99.1,EX-99.1,https://www.sec.gov/Archives/edgar/data/1414767/000149315226032527/ex99-1.htm,False,
CTGO,2026-07-08 00:00:00,https://www.sec.gov/Archives/edgar/data/1502377/000119312526298578/0001193125-26-298578-index.htm,8-K,8-K,https://www.sec.gov/Archives/edgar/data/1502377/000119312526298578/ctgo-20260701.htm,True,
CTGO,2026-07-08 00:00:00,https://www.sec.gov/Archives/edgar/data/1502377/000119312526298578/0001193125-26-298578-index.htm,EX-10.1,EX-10.1,https://www.sec.gov/Archives/edgar/data/1502377/000119312526298578/ctgo-ex10_1.htm,True,
CTGO,2026-07-08 00:00:00,https://www.sec.gov/Archives/edgar/data/1502377/000119312526298578/0001193125-26-298578-index.htm,EX-99.1,EX-99.1,https://www.sec.gov/Archives/edgar/data/1502377/000119312526298578/ctgo-ex99_1.htm,False,
FTIIW,2026-07-08 00:00:00,https://www.sec.gov/Archives/edgar/data/1889450/000149315226032525/0001493152-26-032525-index.htm,8-K,8-K,https://www.sec.gov/Archives/edgar/data/1889450/000149315226032525/form8-k.htm,False,
FTII,2026-07-08 00:00:00,https://www.sec.gov/Archives/edgar/data/1889450/000149315226032525/0001493152-26-032525-index.htm,8-K,8-K,https://www.sec.gov/Archives/edgar/data/1889450/000149315226032525/form8-k.htm,False,
FTIIU,2026-07-08 00:00:00,https://www.sec.gov/Archives/edgar/data/1889450/000149315226032525/0001493152-26-032525-index.htm,8-K,8-K,https://www.sec.gov/Archives/edgar/data/1889450/000149315226032525/form8-k.htm,False,
CRSF,2026-07-08 00:00:00,https://www.sec.gov/Archives/edgar/data/924396/000149315226032526/0001493152-26-032526-index.htm,8-K,8-K,https://www.sec.gov/Archives/edgar/data/924396/000149315226032526/form8-k.htm,False,
CRSF,2026-07-08 00:00:00,https://www.sec.gov/Archives/edgar/data/924396/000149315226032526/0001493152-26-032526-index.htm,EX-99.1,EX-99.1,https://www.sec.gov/Archives/edgar/data/924396/000149315226032526/ex99-1.htm,False,
DSRO,2026-07-08 00:00:00,https://www.sec.gov/Archives/edgar/data/924396/000149315226032526/0001493152-26-032526-index.htm,8-K,8-K,https://www.sec.gov/Archives/edgar/data/924396/000149315226032526/form8-k.htm,False,
DSRO,2026-07-08 00:00:00,https://www.sec.gov/Archives/edgar/data/924396/000149315226032526/0001493152-26-032526-index.htm,EX-99.1,EX-99.1,https://www.sec.gov/Archives/edgar/data/924396/000149315226032526/ex99-1.htm,False,
OLKR,2026-07-08 00:00:00,https://www.sec.gov/Archives/edgar/data/924396/000149315226032526/0001493152-26-032526-index.htm,8-K,8-K,https://www.sec.gov/Archives/edgar/data/924396/000149315226032526/form8-k.htm,False,
OLKR,2026-07-08 00:00:00,https://www.sec.gov/Archives/edgar/data/924396/000149315226032526/0001493152-26-032526-index.htm,EX-99.1,EX-99.1,https://www.sec.gov/Archives/edgar/data/924396/000149315226032526/ex99-1.htm,False,
WTCG,2026-07-08 00:00:00,https://www.sec.gov/Archives/edgar/data/924396/000149315226032526/0001493152-26-032526-index.htm,8-K,8-K,https://www.sec.gov/Archives/edgar/data/924396/000149315226032526/form8-k.htm,False,
WTCG,2026-07-08 00:00:00,https://www.sec.gov/Archives/edgar/data/924396/000149315226032526/0001493152-26-032526-index.htm,EX-99.1,EX-99.1,https://www.sec.gov/Archives/edgar/data/924396/000149315226032526/ex99-1.htm,False,
MASS,2026-07-08 00:00:00,https://www.sec.gov/Archives/edgar/data/1555279/000110465926081806/0001104659-26-081806-index.htm,8-K,8-K,https://www.sec.gov/Archives/edgar/data/1555279/000110465926081806/mass-20260708x8k.htm,False,
EFC,2026-07-08 00:00:00,https://www.sec.gov/Archives/edgar/data/1411342/000162828026047658/0001628280-26-047658-index.htm,8-K,8-K,https://www.sec.gov/Archives/edgar/data/1411342/000162828026047658/efc-20260708.htm,False,
EFC,2026-07-08 00:00:00,https://www.sec.gov/Archives/edgar/data/1411342/000162828026047658/0001628280-26-047658-index.htm,EX-99.1,EX-99.1,https://www.sec.gov/Archives/edgar/data/1411342/000162828026047658/efc-exx726dividendrelease.htm,False,
EFC-PC,2026-07-08 00:00:00,https://www.sec.gov/Archives/edgar/data/1411342/000162828026047658/0001628280-26-047658-index.htm,8-K,8-K,https://www.sec.gov/Archives/edgar/data/1411342/000162828026047658/efc-20260708.htm,False,
EFC-PC,2026-07-08 00:00:00,https://www.sec.gov/Archives/edgar/data/1411342/000162828026047658/0001628280-26-047658-index.htm,EX-99.1,EX-99.1,https://www.sec.gov/Archives/edgar/data/1411342/000162828026047658/efc-exx726dividendrelease.htm,False,
EFC-PD,2026-07-08 00:00:00,https://www.sec.gov/Archives/edgar/data/1411342/000162828026047658/0001628280-26-047658-index.htm,8-K,8-K,https://www.sec.gov/Archives/edgar/data/1411342/000162828026047658/efc-20260708.htm,False,
EFC-PD,2026-07-08 00:00:00,https://www.sec.gov/Archives/edgar/data/1411342/000162828026047658/0001628280-26-047658-index.htm,EX-99.1,EX-99.1,https://www.sec.gov/Archives/edgar/data/1411342/000162828026047658/efc-exx726dividendrelease.htm,False,
EFC-PA,2026-07-08 00:00:00,https://www.sec.gov/Archives/edgar/data/1411342/000162828026047658/0001628280-26-047658-index.htm,8-K,8-K,https://www.sec.gov/Archives/edgar/data/1411342/000162828026047658/efc-20260708.htm,False,
EFC-PA,2026-07-08 00:00:00,https://www.sec.gov/Archives/edgar/data/1411342/000162828026047658/0001628280-26-047658-index.htm,EX-99.1,EX-99.1,https://www.sec.gov/Archives/edgar/data/1411342/000162828026047658/efc-exx726dividendrelease.htm,False,
EFC-PE,2026-07-08 00:00:00,https://www.sec.gov/Archives/edgar/data/1411342/000162828026047658/0001628280-26-047658-index.htm,8-K,8-K,https://www.sec.gov/Archives/edgar/data/1411342/000162828026047658/efc-20260708.htm,False,
EFC-PE,2026-07-08 00:00:00,https://www.sec.gov/Archives/edgar/data/1411342/000162828026047658/0001628280-26-047658-index.htm,EX-99.1,EX-99.1,https://www.sec.gov/Archives/edgar/data/1411342/000162828026047658/efc-exx726dividendrelease.htm,False,
EFC-PB,2026-07-08 00:00:00,https://www.sec.gov/Archives/edgar/data/1411342/000162828026047658/0001628280-26-047658-index.htm,8-K,8-K,https://www.sec.gov/Archives/edgar/data/1411342/000162828026047658/efc-20260708.htm,False,
EFC-PB,2026-07-08 00:00:00,https://www.sec.gov/Archives/edgar/data/1411342/000162828026047658/0001628280-26-047658-index.htm,EX-99.1,EX-99.1,https://www.sec.gov/Archives/edgar/data/1411342/000162828026047658/efc-exx726dividendrelease.htm,False,
VOYG,2026-07-08 00:00:00,https://www.sec.gov/Archives/edgar/data/1788060/000162828026047657/0001628280-26-047657-index.htm,8-K,8-K,https://www.sec.gov/Archives/edgar/data/1788060/000162828026047657/voyg-20260706.htm,True,
VOYG,2026-07-08 00:00:00,https://www.sec.gov/Archives/edgar/data/1788060/000162828026047657/0001628280-26-047657-index.htm,EX-10.1,EX-10.1,https://www.sec.gov/Archives/edgar/data/1788060/000162828026047657/exhibit101-fourthamendment.htm,True,
SRG,2026-07-08 00:00:00,https://www.sec.gov/Archives/edgar/data/1628063/000119312526298565/0001193125-26-298565-index.htm,8-K,8-K,https://www.sec.gov/Archives/edgar/data/1628063/000119312526298565/d240361d8k.htm,False,
SRG,2026-07-08 00:00:00,https://www.sec.gov/Archives/edgar/data/1628063/000119312526298565/0001193125-26-298565-index.htm,EX-10.1,EX-10.1,https://www.sec.gov/Archives/edgar/data/1628063/000119312526298565/d240361dex101.htm,False,
SRG-PA,2026-07-08 00:00:00,https://www.sec.gov/Archives/edgar/data/1628063/000119312526298565/0001193125-26-298565-index.htm,8-K,8-K,https://www.sec.gov/Archives/edgar/data/1628063/000119312526298565/d240361d8k.htm,False,
SRG-PA,2026-07-08 00:00:00,https://www.sec.gov/Archives/edgar/data/1628063/000119312526298565/0001193125-26-298565-index.htm,EX-10.1,EX-10.1,https://www.sec.gov/Archives/edgar/data/1628063/000119312526298565/d240361dex101.htm,False,
ONCY,2026-07-08 00:00:00,https://www.sec.gov/Archives/edgar/data/1129928/000110465926081797/0001104659-26-081797-index.htm,8-K,FORM 8-K,https://www.sec.gov/Archives/edgar/data/1129928/000110465926081797/tm2620055d1_8k.htm,False,
NSSC,2026-07-08 00:00:00,https://www.sec.gov/Archives/edgar/data/69633/000110465926081794/0001104659-26-081794-index.htm,8-K,8-K,https://www.sec.gov/Archives/edgar/data/69633/000110465926081794/nssc-20260708x8k.htm,False,
NSSC,2026-07-08 00:00:00,https://www.sec.gov/Archives/edgar/data/69633/000110465926081794/0001104659-26-081794-index.htm,EX-99.1,EX-99.1,https://www.sec.gov/Archives/edgar/data/69633/000110465926081794/nssc-20260708xex99d1.htm,False,
CP,2026-07-08 00:00:00,https://www.sec.gov/Archives/edgar/data/16875/000119312526298557/0001193125-26-298557-index.htm,8-K,8-K,https://www.sec.gov/Archives/edgar/data/16875/000119312526298557/d126750d8k.htm,True,
CP,2026-07-08 00:00:00,https://www.sec.gov/Archives/edgar/data/16875/000119312526298557/0001193125-26-298557-index.htm,EX-10.1,EX-10.1,https://www.sec.gov/Archives/edgar/data/16875/000119312526298557/d126750dex101.htm,True,
PHXE,2026-07-08 00:00:00,https://www.sec.gov/Archives/edgar/data/1818643/000119312526298554/0001193125-26-298554-index.htm,8-K,8-K,https://www.sec.gov/Archives/edgar/data/1818643/000119312526298554/ck0001818643-20260707.htm,True,
PHXE,2026-07-08 00:00:00,https://www.sec.gov/Archives/edgar/data/1818643/000119312526298554/0001193125-26-298554-index.htm,EX-10.1,EX-10.1,https://www.sec.gov/Archives/edgar/data/1818643/000119312526298554/ck0001818643-ex10_1.htm,True,
COST,2026-07-08 00:00:00,https://www.sec.gov/Archives/edgar/data/909832/000090983226000060/0000909832-26-000060-index.htm,8-K,8-K,https://www.sec.gov/Archives/edgar/data/909832/000090983226000060/cost-20260707.htm,False,
COST,2026-07-08 00:00:00,https://www.sec.gov/Archives/edgar/data/909832/000090983226000060/0000909832-26-000060-index.htm,EX-99.1,EX-99.1,https://www.sec.gov/Archives/edgar/data/909832/000090983226000060/costex9918-k7726.htm,False,
FNLC,2026-07-08 00:00:00,https://www.sec.gov/Archives/edgar/data/765207/000076520726000095/0000765207-26-000095-index.htm,8-K,8-K,https://www.sec.gov/Archives/edgar/data/765207/000076520726000095/fnlc-20260708.htm,False,
AZZ,2026-07-08 00:00:00,https://www.sec.gov/Archives/edgar/data/8947/000000894726000163/0000008947-26-000163-index.htm,8-K,8-K,https://www.sec.gov/Archives/edgar/data/8947/000000894726000163/azz-20260708.htm,False,
AZZ,2026-07-08 00:00:00,https://www.sec.gov/Archives/edgar/data/8947/000000894726000163/0000008947-26-000163-index.htm,EX-99.1,EX-99.1,https://www.sec.gov/Archives/edgar/data/8947/000000894726000163/exhibit991q1fy27earningsre.htm,True,
UVE,2026-07-08 00:00:00,https://www.sec.gov/Archives/edgar/data/891166/000089116626000082/0000891166-26-000082-index.htm,8-K,8-K,https://www.sec.gov/Archives/edgar/data/891166/000089116626000082/uve-20260708.htm,False,
UVE,2026-07-08 00:00:00,https://www.sec.gov/Archives/edgar/data/891166/000089116626000082/0000891166-26-000082-index.htm,EX-99.1,EX-99.1,https://www.sec.gov/Archives/edgar/data/891166/000089116626000082/a991-q32026uvedividendanno.htm,False,
SKIL-WT,2026-07-08 00:00:00,https://www.sec.gov/Archives/edgar/data/1774675/000143774926023038/0001437749-26-023038-index.htm,8-K,FORM 8-K,https://www.sec.gov/Archives/edgar/data/1774675/000143774926023038/skil20260708c_8k.htm,False,
SKIL-WT,2026-07-08 00:00:00,https://www.sec.gov/Archives/edgar/data/1774675/000143774926023038/0001437749-26-023038-index.htm,EX-99.1,EXHIBIT 99.1,https://www.sec.gov/Archives/edgar/data/1774675/000143774926023038/ex_985527.htm,False,
SKIL,2026-07-08 00:00:00,https://www.sec.gov/Archives/edgar/data/1774675/000143774926023038/0001437749-26-023038-index.htm,8-K,FORM 8-K,https://www.sec.gov/Archives/edgar/data/1774675/000143774926023038/skil20260708c_8k.htm,False,
SKIL,2026-07-08 00:00:00,https://www.sec.gov/Archives/edgar/data/1774675/000143774926023038/0001437749-26-023038-index.htm,EX-99.1,EXHIBIT 99.1,https://www.sec.gov/Archives/edgar/data/1774675/000143774926023038/ex_985527.htm,False,
None,2026-07-08 00:00:00,https://www.sec.gov/Archives/edgar/data/2070542/000121390026076376/0001213900-26-076376-index.htm,8-K,CURRENT REPORT,https://www.sec.gov/Archives/edgar/data/2070542/000121390026076376/ea0297302-8k_aibdata.htm,False,
None,2026-07-08 00:00:00,https://www.sec.gov/Archives/edgar/data/2070542/000121390026076376/0001213900-26-076376-index.htm,EX-99.1,"INVESTOR PRESENTATION, JULY 2026",https://www.sec.gov/Archives/edgar/data/2070542/000121390026076376/ea029730201ex99-1.htm,False,
BRLSW,2026-07-08 00:00:00,https://www.sec.gov/Archives/edgar/data/1852973/000121390026076374/0001213900-26-076374-index.htm,8-K,CURRENT REPORT,https://www.sec.gov/Archives/edgar/data/1852973/000121390026076374/ea0297400-8k_borealis.htm,False,
BRLS,2026-07-08 00:00:00,https://www.sec.gov/Archives/edgar/data/1852973/000121390026076374/0001213900-26-076374-index.htm,8-K,CURRENT REPORT,https://www.sec.gov/Archives/edgar/data/1852973/000121390026076374/ea0297400-8k_borealis.htm,False,
OXUSW,2026-07-08 00:00:00,https://www.sec.gov/Archives/edgar/data/1852973/000121390026076374/0001213900-26-076374-index.htm,8-K,CURRENT REPORT,https://www.sec.gov/Archives/edgar/data/1852973/000121390026076374/ea0297400-8k_borealis.htm,False,
OXUSU,2026-07-08 00:00:00,https://www.sec.gov/Archives/edgar/data/1852973/000121390026076374/0001213900-26-076374-index.htm,8-K,CURRENT REPORT,https://www.sec.gov/Archives/edgar/data/1852973/000121390026076374/ea0297400-8k_borealis.htm,False,
OXUS,2026-07-08 00:00:00,https://www.sec.gov/Archives/edgar/data/1852973/000121390026076374/0001213900-26-076374-index.htm,8-K,CURRENT REPORT,https://www.sec.gov/Archives/edgar/data/1852973/000121390026076374/ea0297400-8k_borealis.htm,False,
ARLP,2026-07-08 00:00:00,https://www.sec.gov/Archives/edgar/data/1086600/000110465926081790/0001104659-26-081790-index.htm,8-K,8-K,https://www.sec.gov/Archives/edgar/data/1086600/000110465926081790/arlp-20260701x8k.htm,True,
HCHC,2026-07-08 00:00:00,https://www.sec.gov/Archives/edgar/data/1006837/000100683726000051/0001006837-26-000051-index.htm,8-K,8-K,https://www.sec.gov/Archives/edgar/data/1006837/000100683726000051/hchc-20260708.htm,False,
HCHC,2026-07-08 00:00:00,https://www.sec.gov/Archives/edgar/data/1006837/000100683726000051/0001006837-26-000051-index.htm,EX-99.1,EX-99.1,https://www.sec.gov/Archives/edgar/data/1006837/000100683726000051/a202607088-kxexhibit991.htm,False,
VATE,2026-07-08 00:00:00,https://www.sec.gov/Archives/edgar/data/1006837/000100683726000051/0001006837-26-000051-index.htm,8-K,8-K,https://www.sec.gov/Archives/edgar/data/1006837/000100683726000051/hchc-20260708.htm,False,
VATE,2026-07-08 00:00:00,https://www.sec.gov/Archives/edgar/data/1006837/000100683726000051/0001006837-26-000051-index.htm,EX-99.1,EX-99.1,https://www.sec.gov/Archives/edgar/data/1006837/000100683726000051/a202607088-kxexhibit991.htm,False,
TARS,2026-07-08 00:00:00,https://www.sec.gov/Archives/edgar/data/1819790/000181979026000046/0001819790-26-000046-index.htm,8-K,8-K,https://www.sec.gov/Archives/edgar/data/1819790/000181979026000046/tars-20260706.htm,True,
TARS,2026-07-08 00:00:00,https://www.sec.gov/Archives/edgar/data/1819790/000181979026000046/0001819790-26-000046-index.htm,EX-99.1,EX-99.1,https://www.sec.gov/Archives/edgar/data/1819790/000181979026000046/irenixpressrelease_final.htm,False,
BRT,2026-07-08 00:00:00,https://www.sec.gov/Archives/edgar/data/14846/000001484626000031/0000014846-26-000031-index.htm,8-K,8-K,https://www.sec.gov/Archives/edgar/data/14846/000001484626000031/brt-20260708.htm,False,
LEVI,2026-07-08 00:00:00,https://www.sec.gov/Archives/edgar/data/94845/000009484526000038/0000094845-26-000038-index.htm,8-K,8-K,https://www.sec.gov/Archives/edgar/data/94845/000009484526000038/levi-20260708.htm,False,
LEVI,2026-07-08 00:00:00,https://www.sec.gov/Archives/edgar/data/94845/000009484526000038/0000094845-26-000038-index.htm,EX-99.1,EX-99.1,https://www.sec.gov/Archives/edgar/data/94845/000009484526000038/exhibit991-2q2026pressrele.htm,False,
FGN,2026-07-08 00:00:00,https://www.sec.gov/Archives/edgar/data/1934850/000193485026000077/0001934850-26-000077-index.htm,8-K,8-K,https://www.sec.gov/Archives/edgar/data/1934850/000193485026000077/fg-20260708.htm,False,
FG,2026-07-08 00:00:00,https://www.sec.gov/Archives/edgar/data/1934850/000193485026000077/0001934850-26-000077-index.htm,8-K,8-K,https://www.sec.gov/Archives/edgar/data/1934850/000193485026000077/fg-20260708.htm,False,
UCTT,2026-07-08 00:00:00,https://www.sec.gov/Archives/edgar/data/1275014/000162828026047655/0001628280-26-047655-index.htm,8-K,8-K,https://www.sec.gov/Archives/edgar/data/1275014/000162828026047655/uctt-20260702.htm,False,
UCTT,2026-07-08 00:00:00,https://www.sec.gov/Archives/edgar/data/1275014/000162828026047655/0001628280-26-047655-index.htm,EX-10.1,EX-10.1,https://www.sec.gov/Archives/edgar/data/1275014/000162828026047655/a26-07x02cfoofferfinal.htm,False,
UCTT,2026-07-08 00:00:00,https://www.sec.gov/Archives/edgar/data/1275014/000162828026047655/0001628280-26-047655-index.htm,EX-99.1,EX-99.1,https://www.sec.gov/Archives/edgar/data/1275014/000162828026047655/ultracleanappointsmichaelk.htm,False,
DXLG,2026-07-08 00:00:00,https://www.sec.gov/Archives/edgar/data/813298/000119312526298532/0001193125-26-298532-index.htm,8-K,8-K,https://www.sec.gov/Archives/edgar/data/813298/000119312526298532/dxlg-20260708.htm,False,
DXLG,2026-07-08 00:00:00,https://www.sec.gov/Archives/edgar/data/813298/000119312526298532/0001193125-26-298532-index.htm,EX-99.1,EX-99.1,https://www.sec.gov/Archives/edgar/data/813298/000119312526298532/dxlg-ex99_1.htm,False,
BYRN,2026-07-08 00:00:00,https://www.sec.gov/Archives/edgar/data/1354866/000143774926023029/0001437749-26-023029-index.htm,8-K,FORM 8-K,https://www.sec.gov/Archives/edgar/data/1354866/000143774926023029/byrn20260707_8k.htm,True,
BYRN,2026-07-08 00:00:00,https://www.sec.gov/Archives/edgar/data/1354866/000143774926023029/0001437749-26-023029-index.htm,EX-99.1,EXHIBIT 99.1,https://www.sec.gov/Archives/edgar/data/1354866/000143774926023029/ex_985411.htm,False,
PSMT,2026-07-08 00:00:00,https://www.sec.gov/Archives/edgar/data/1041803/000104180326000030/0001041803-26-000030-index.htm,8-K,8-K,https://www.sec.gov/Archives/edgar/data/1041803/000104180326000030/psmt-20260708.htm,False,
PSMT,2026-07-08 00:00:00,https://www.sec.gov/Archives/edgar/data/1041803/000104180326000030/0001041803-26-000030-index.htm,EX-99.1,EX-99.1,https://www.sec.gov/Archives/edgar/data/1041803/000104180326000030/psmt-20260531xexx991.htm,False,
VG,2026-07-08 00:00:00,https://www.sec.gov/Archives/edgar/data/2007855/000200785526000057/0002007855-26-000057-index.htm,8-K,8-K,https://www.sec.gov/Archives/edgar/data/2007855/000200785526000057/vg-20260708.htm,False,
LGVN,2026-07-08 00:00:00,https://www.sec.gov/Archives/edgar/data/1721484/000121390026076359/0001213900-26-076359-index.htm,8-K,CURRENT REPORT,https://www.sec.gov/Archives/edgar/data/1721484/000121390026076359/ea0297363-8k_longeveron.htm,False,
ALG,2026-07-08 00:00:00,https://www.sec.gov/Archives/edgar/data/897077/000089707726000082/0000897077-26-000082-index.htm,8-K,8-K,https://www.sec.gov/Archives/edgar/data/897077/000089707726000082/alg-20260705.htm,False,
SPGC,2026-07-08 00:00:00,https://www.sec.gov/Archives/edgar/data/1934245/000149315226032498/0001493152-26-032498-index.htm,8-K,8-K,https://www.sec.gov/Archives/edgar/data/1934245/000149315226032498/form8-k.htm,True,
SPGC,2026-07-08 00:00:00,https://www.sec.gov/Archives/edgar/data/1934245/000149315226032498/0001493152-26-032498-index.htm,EX-10.1,EX-10.1,https://www.sec.gov/Archives/edgar/data/1934245/000149315226032498/ex10-1.htm,True,
ALEC,2026-07-08 00:00:00,https://www.sec.gov/Archives/edgar/data/1653087/000119312526298526/0001193125-26-298526-index.htm,8-K,8-K,https://www.sec.gov/Archives/edgar/data/1653087/000119312526298526/alec-20260706.htm,True,
QLEP,2026-07-08 00:00:00,https://www.sec.gov/Archives/edgar/data/2102155/000121390026076355/0001213900-26-076355-index.htm,8-K,CURRENT REPORT,https://www.sec.gov/Archives/edgar/data/2102155/000121390026076355/ea0296177-8k_quantum.htm,False,
QLEP,2026-07-08 00:00:00,https://www.sec.gov/Archives/edgar/data/2102155/000121390026076355/0001213900-26-076355-index.htm,EX-99.1,"AUDITED BALANCE SHEET AS OF JUNE 22, 2026",https://www.sec.gov/Archives/edgar/data/2102155/000121390026076355/ea029617701ex99-1.htm,True,
QLEP-UN,2026-07-08 00:00:00,https://www.sec.gov/Archives/edgar/data/2102155/000121390026076355/0001213900-26-076355-index.htm,8-K,CURRENT REPORT,https://www.sec.gov/Archives/edgar/data/2102155/000121390026076355/ea0296177-8k_quantum.htm,False,
QLEP-UN,2026-07-08 00:00:00,https://www.sec.gov/Archives/edgar/data/2102155/000121390026076355/0001213900-26-076355-index.htm,EX-99.1,"AUDITED BALANCE SHEET AS OF JUNE 22, 2026",https://www.sec.gov/Archives/edgar/data/2102155/000121390026076355/ea029617701ex99-1.htm,True,
MCRB,2026-07-08 00:00:00,https://www.sec.gov/Archives/edgar/data/1609809/000119312526298525/0001193125-26-298525-index.htm,8-K,8-K,https://www.sec.gov/Archives/edgar/data/1609809/000119312526298525/d100733d8k.htm,False,
MCRB,2026-07-08 00:00:00,https://www.sec.gov/Archives/edgar/data/1609809/000119312526298525/0001193125-26-298525-index.htm,EX-10.1,EX-10.1,https://www.sec.gov/Archives/edgar/data/1609809/000119312526298525/d100733dex101.htm,False,
RCLF,2026-07-08 00:00:00,https://www.sec.gov/Archives/edgar/data/1833498/000121390026076349/0001213900-26-076349-index.htm,8-K,CURRENT REPORT,https://www.sec.gov/Archives/edgar/data/1833498/000121390026076349/ea0297412-8k_spectral.htm,False,
RCLF,2026-07-08 00:00:00,https://www.sec.gov/Archives/edgar/data/1833498/000121390026076349/0001213900-26-076349-index.htm,EX-99.1,"OFFER LETTER, BY AND BETWEEN DARCY BAJKO AND SPECTRAL AI, INC., DATED JULY 7, 20",https://www.sec.gov/Archives/edgar/data/1833498/000121390026076349/ea029741201ex99-1.htm,False,
RCLFW,2026-07-08 00:00:00,https://www.sec.gov/Archives/edgar/data/1833498/000121390026076349/0001213900-26-076349-index.htm,8-K,CURRENT REPORT,https://www.sec.gov/Archives/edgar/data/1833498/000121390026076349/ea0297412-8k_spectral.htm,False,
RCLFW,2026-07-08 00:00:00,https://www.sec.gov/Archives/edgar/data/1833498/000121390026076349/0001213900-26-076349-index.htm,EX-99.1,"OFFER LETTER, BY AND BETWEEN DARCY BAJKO AND SPECTRAL AI, INC., DATED JULY 7, 20",https://www.sec.gov/Archives/edgar/data/1833498/000121390026076349/ea029741201ex99-1.htm,False,
RCLFU,2026-07-08 00:00:00,https://www.sec.gov/Archives/edgar/data/1833498/000121390026076349/0001213900-26-076349-index.htm,8-K,CURRENT REPORT,https://www.sec.gov/Archives/edgar/data/1833498/000121390026076349/ea0297412-8k_spectral.htm,False,
RCLFU,2026-07-08 00:00:00,https://www.sec.gov/Archives/edgar/data/1833498/000121390026076349/0001213900-26-076349-index.htm,EX-99.1,"OFFER LETTER, BY AND BETWEEN DARCY BAJKO AND SPECTRAL AI, INC., DATED JULY 7, 20",https://www.sec.gov/Archives/edgar/data/1833498/000121390026076349/ea029741201ex99-1.htm,False,
MDAI,2026-07-08 00:00:00,https://www.sec.gov/Archives/edgar/data/1833498/000121390026076349/0001213900-26-076349-index.htm,8-K,CURRENT REPORT,https://www.sec.gov/Archives/edgar/data/1833498/000121390026076349/ea0297412-8k_spectral.htm,False,
MDAI,2026-07-08 00:00:00,https://www.sec.gov/Archives/edgar/data/1833498/000121390026076349/0001213900-26-076349-index.htm,EX-99.1,"OFFER LETTER, BY AND BETWEEN DARCY BAJKO AND SPECTRAL AI, INC., DATED JULY 7, 20",https://www.sec.gov/Archives/edgar/data/1833498/000121390026076349/ea029741201ex99-1.htm,False,
LIFWZ,2026-07-08 00:00:00,https://www.sec.gov/Archives/edgar/data/1802450/000121390026076348/0001213900-26-076348-index.htm,8-K,CURRENT REPORT,https://www.sec.gov/Archives/edgar/data/1802450/000121390026076348/ea0297353-8k_msp.htm,False,
MSPRZ,2026-07-08 00:00:00,https://www.sec.gov/Archives/edgar/data/1802450/000121390026076348/0001213900-26-076348-index.htm,8-K,CURRENT REPORT,https://www.sec.gov/Archives/edgar/data/1802450/000121390026076348/ea0297353-8k_msp.htm,False,
LIFWW,2026-07-08 00:00:00,https://www.sec.gov/Archives/edgar/data/1802450/000121390026076348/0001213900-26-076348-index.htm,8-K,CURRENT REPORT,https://www.sec.gov/Archives/edgar/data/1802450/000121390026076348/ea0297353-8k_msp.htm,False,
MSPR,2026-07-08 00:00:00,https://www.sec.gov/Archives/edgar/data/1802450/000121390026076348/0001213900-26-076348-index.htm,8-K,CURRENT REPORT,https://www.sec.gov/Archives/edgar/data/1802450/000121390026076348/ea0297353-8k_msp.htm,False,
LCAPW,2026-07-08 00:00:00,https://www.sec.gov/Archives/edgar/data/1802450/000121390026076348/0001213900-26-076348-index.htm,8-K,CURRENT REPORT,https://www.sec.gov/Archives/edgar/data/1802450/000121390026076348/ea0297353-8k_msp.htm,False,
LCAPU,2026-07-08 00:00:00,https://www.sec.gov/Archives/edgar/data/1802450/000121390026076348/0001213900-26-076348-index.htm,8-K,CURRENT REPORT,https://www.sec.gov/Archives/edgar/data/1802450/000121390026076348/ea0297353-8k_msp.htm,False,
MSPRW,2026-07-08 00:00:00,https://www.sec.gov/Archives/edgar/data/1802450/000121390026076348/0001213900-26-076348-index.htm,8-K,CURRENT REPORT,https://www.sec.gov/Archives/edgar/data/1802450/000121390026076348/ea0297353-8k_msp.htm,False,
LIFW,2026-07-08 00:00:00,https://www.sec.gov/Archives/edgar/data/1802450/000121390026076348/0001213900-26-076348-index.htm,8-K,CURRENT REPORT,https://www.sec.gov/Archives/edgar/data/1802450/000121390026076348/ea0297353-8k_msp.htm,False,
MGNX,2026-07-08 00:00:00,https://www.sec.gov/Archives/edgar/data/1125345/000112534526000047/0001125345-26-000047-index.htm,8-K,8-K,https://www.sec.gov/Archives/edgar/data/1125345/000112534526000047/mgnx-20260701.htm,False,
NIOBF,2026-07-08 00:00:00,https://www.sec.gov/Archives/edgar/data/1512228/000153949726001924/0001539497-26-001924-index.htm,8-K,8-K,https://www.sec.gov/Archives/edgar/data/1512228/000153949726001924/n2574_x317-8k.htm,False,
NB,2026-07-08 00:00:00,https://www.sec.gov/Archives/edgar/data/1512228/000153949726001924/0001539497-26-001924-index.htm,8-K,8-K,https://www.sec.gov/Archives/edgar/data/1512228/000153949726001924/n2574_x317-8k.htm,False,
NGS,2026-07-08 00:00:00,https://www.sec.gov/Archives/edgar/data/1084991/000108499126000061/0001084991-26-000061-index.htm,8-K,8-K,https://www.sec.gov/Archives/edgar/data/1084991/000108499126000061/ngs-20260708.htm,False,
NGS,2026-07-08 00:00:00,https://www.sec.gov/Archives/edgar/data/1084991/000108499126000061/0001084991-26-000061-index.htm,EX-99.1,EX-99.1,https://www.sec.gov/Archives/edgar/data/1084991/000108499126000061/ex9912026-07x08redomestica.htm,False,
TWOH,2026-07-08 00:00:00,https://www.sec.gov/Archives/edgar/data/1494413/000149441326000030/0001494413-26-000030-index.htm,8-K,FORM 8-K,https://www.sec.gov/Archives/edgar/data/1494413/000149441326000030/twohf8k7826.htm,False,
None,2026-07-08 00:00:00,https://www.sec.gov/Archives/edgar/data/2031750/000203175026000055/0002031750-26-000055-index.htm,8-K,8-K,https://www.sec.gov/Archives/edgar/data/2031750/000203175026000055/aci-20260708.htm,False,
BCBP,2026-07-08 00:00:00,https://www.sec.gov/Archives/edgar/data/1228454/000119312526298482/0001193125-26-298482-index.htm,8-K,8-K,https://www.sec.gov/Archives/edgar/data/1228454/000119312526298482/d220340d8k.htm,False,
BCBP,2026-07-08 00:00:00,https://www.sec.gov/Archives/edgar/data/1228454/000119312526298482/0001193125-26-298482-index.htm,EX-99.1,EX-99.1,https://www.sec.gov/Archives/edgar/data/1228454/000119312526298482/d220340dex991.htm,False,
None,2026-07-08 00:00:00,https://www.sec.gov/Archives/edgar/data/2035428/000203542826000042/0002035428-26-000042-index.htm,8-K,8-K,https://www.sec.gov/Archives/edgar/data/2035428/000203542826000042/fbred-20260701.htm,False,
None,2026-07-08 00:00:00,https://www.sec.gov/Archives/edgar/data/2027537/000119312526298451/0001193125-26-298451-index.htm,8-K,8-K,https://www.sec.gov/Archives/edgar/data/2027537/000119312526298451/d114543d8k.htm,False,
None,2026-07-08 00:00:00,https://www.sec.gov/Archives/edgar/data/2089470/000188852426012456/0001888524-26-012456-index.htm,8-K,,https://www.sec.gov/Archives/edgar/data/2089470/000188852426012456/bmk25v18_8k-07082026.htm,False,
None,2026-07-08 00:00:00,https://www.sec.gov/Archives/edgar/data/2077702/000188852426012454/0001888524-26-012454-index.htm,8-K,,https://www.sec.gov/Archives/edgar/data/2077702/000188852426012454/bcr25c37_8k-07082026.htm,False,
None,2026-07-08 00:00:00,https://www.sec.gov/Archives/edgar/data/1946997/000194699726000008/0001946997-26-000008-index.htm,8-K,8-K,https://www.sec.gov/Archives/edgar/data/1946997/000194699726000008/ck0001946997-20260610.htm,False,
None,2026-07-08 00:00:00,https://www.sec.gov/Archives/edgar/data/2061934/000188852426012452/0001888524-26-012452-index.htm,8-K,,https://www.sec.gov/Archives/edgar/data/2061934/000188852426012452/bmo25c12_8k-07082026.htm,False,
None,2026-07-08 00:00:00,https://www.sec.gov/Archives/edgar/data/2063065/000188852426012450/0001888524-26-012450-index.htm,8-K,,https://www.sec.gov/Archives/edgar/data/2063065/000188852426012450/bmk25v17_8k-07082026.htm,False,
DBGIW,2026-07-08 00:00:00,https://www.sec.gov/Archives/edgar/data/1668010/000149315226032469/0001493152-26-032469-index.htm,8-K,8-K,https://www.sec.gov/Archives/edgar/data/1668010/000149315226032469/form8-k.htm,False,
DBGIW,2026-07-08 00:00:00,https://www.sec.gov/Archives/edgar/data/1668010/000149315226032469/0001493152-26-032469-index.htm,EX-99.1,EX-99.1,https://www.sec.gov/Archives/edgar/data/1668010/000149315226032469/ex99-1.htm,False,
DBGI,2026-07-08 00:00:00,https://www.sec.gov/Archives/edgar/data/1668010/000149315226032469/0001493152-26-032469-index.htm,8-K,8-K,https://www.sec.gov/Archives/edgar/data/1668010/000149315226032469/form8-k.htm,False,
DBGI,2026-07-08 00:00:00,https://www.sec.gov/Archives/edgar/data/1668010/000149315226032469/0001493152-26-032469-index.htm,EX-99.1,EX-99.1,https://www.sec.gov/Archives/edgar/data/1668010/000149315226032469/ex99-1.htm,False,
None,2026-07-08 00:00:00,https://www.sec.gov/Archives/edgar/data/1625941/000162828026047626/0001628280-26-047626-index.htm,8-K,8-K,https://www.sec.gov/Archives/edgar/data/1625941/000162828026047626/aire-20260701.htm,False,
None,2026-07-08 00:00:00,https://www.sec.gov/Archives/edgar/data/1327978/000162828026047625/0001628280-26-047625-index.htm,8-K,8-K,https://www.sec.gov/Archives/edgar/data/1327978/000162828026047625/are-20260701.htm,False,
None,2026-07-08 00:00:00,https://www.sec.gov/Archives/edgar/data/1932213/000149315226032465/0001493152-26-032465-index.htm,8-K,8-K,https://www.sec.gov/Archives/edgar/data/1932213/000149315226032465/form8-k.htm,False,
CHSCN,2026-07-08 00:00:00,https://www.sec.gov/Archives/edgar/data/823277/000082327726000025/0000823277-26-000025-index.htm,8-K,8-K,https://www.sec.gov/Archives/edgar/data/823277/000082327726000025/chscp-20260708.htm,False,
CHSCN,2026-07-08 00:00:00,https://www.sec.gov/Archives/edgar/data/823277/000082327726000025/0000823277-26-000025-index.htm,EX-99.1,EX-99.1,https://www.sec.gov/Archives/edgar/data/823277/000082327726000025/a3qfy26earningrelease.htm,False,
CHSCO,2026-07-08 00:00:00,https://www.sec.gov/Archives/edgar/data/823277/000082327726000025/0000823277-26-000025-index.htm,8-K,8-K,https://www.sec.gov/Archives/edgar/data/823277/000082327726000025/chscp-20260708.htm,False,
CHSCO,2026-07-08 00:00:00,https://www.sec.gov/Archives/edgar/data/823277/000082327726000025/0000823277-26-000025-index.htm,EX-99.1,EX-99.1,https://www.sec.gov/Archives/edgar/data/823277/000082327726000025/a3qfy26earningrelease.htm,False,
CHSCL,2026-07-08 00:00:00,https://www.sec.gov/Archives/edgar/data/823277/000082327726000025/0000823277-26-000025-index.htm,8-K,8-K,https://www.sec.gov/Archives/edgar/data/823277/000082327726000025/chscp-20260708.htm,False,
CHSCL,2026-07-08 00:00:00,https://www.sec.gov/Archives/edgar/data/823277/000082327726000025/0000823277-26-000025-index.htm,EX-99.1,EX-99.1,https://www.sec.gov/Archives/edgar/data/823277/000082327726000025/a3qfy26earningrelease.htm,False,
CHSCP,2026-07-08 00:00:00,https://www.sec.gov/Archives/edgar/data/823277/000082327726000025/0000823277-26-000025-index.htm,8-K,8-K,https://www.sec.gov/Archives/edgar/data/823277/000082327726000025/chscp-20260708.htm,False,
CHSCP,2026-07-08 00:00:00,https://www.sec.gov/Archives/edgar/data/823277/000082327726000025/0000823277-26-000025-index.htm,EX-99.1,EX-99.1,https://www.sec.gov/Archives/edgar/data/823277/000082327726000025/a3qfy26earningrelease.htm,False,
CHSCM,2026-07-08 00:00:00,https://www.sec.gov/Archives/edgar/data/823277/000082327726000025/0000823277-26-000025-index.htm,8-K,8-K,https://www.sec.gov/Archives/edgar/data/823277/000082327726000025/chscp-20260708.htm,False,
CHSCM,2026-07-08 00:00:00,https://www.sec.gov/Archives/edgar/data/823277/000082327726000025/0000823277-26-000025-index.htm,EX-99.1,EX-99.1,https://www.sec.gov/Archives/edgar/data/823277/000082327726000025/a3qfy26earningrelease.htm,False,
PW,2026-07-08 00:00:00,https://www.sec.gov/Archives/edgar/data/1532619/000149315226032424/0001493152-26-032424-index.htm,8-K,8-K,https://www.sec.gov/Archives/edgar/data/1532619/000149315226032424/form8-k.htm,False,
PW-PA,2026-07-08 00:00:00,https://www.sec.gov/Archives/edgar/data/1532619/000149315226032424/0001493152-26-032424-index.htm,8-K,8-K,https://www.sec.gov/Archives/edgar/data/1532619/000149315226032424/form8-k.htm,False,
None,2026-07-08 00:00:00,https://www.sec.gov/Archives/edgar/data/2074065/000110465926081699/0001104659-26-081699-index.htm,8-K,FORM 8-K,https://www.sec.gov/Archives/edgar/data/2074065/000110465926081699/tm2619984d1_8k.htm,False,
None,2026-07-08 00:00:00,https://www.sec.gov/Archives/edgar/data/2106607/000117152026000170/0001171520-26-000170-index.htm,8-K,,https://www.sec.gov/Archives/edgar/data/2106607/000117152026000170/eps12669_drav.htm,False,
CEPO,2026-07-08 00:00:00,https://www.sec.gov/Archives/edgar/data/2027708/000121390026076250/0001213900-26-076250-index.htm,8-K,CURRENT REPORT,https://www.sec.gov/Archives/edgar/data/2027708/000121390026076250/ea0297392-8k_cantor1.htm,False,
CEPO,2026-07-08 00:00:00,https://www.sec.gov/Archives/edgar/data/2027708/000121390026076250/0001213900-26-076250-index.htm,EX-99.1,"PRESS RELEASE, DATED JULY 8, 2026",https://www.sec.gov/Archives/edgar/data/2027708/000121390026076250/ea029739201ex99-1.htm,False,
OSBC,2026-07-08 00:00:00,https://www.sec.gov/Archives/edgar/data/357173/000035717326000037/0000357173-26-000037-index.htm,8-K,8-K,https://www.sec.gov/Archives/edgar/data/357173/000035717326000037/osbc-20260707x8k.htm,False,
ET-PI,2026-07-08 00:00:00,https://www.sec.gov/Archives/edgar/data/1276187/000119312526298149/0001193125-26-298149-index.htm,8-K,8-K,https://www.sec.gov/Archives/edgar/data/1276187/000119312526298149/d86030d8k.htm,True,
ET-PI,2026-07-08 00:00:00,https://www.sec.gov/Archives/edgar/data/1276187/000119312526298149/0001193125-26-298149-index.htm,EX-99.1,EX-99.1,https://www.sec.gov/Archives/edgar/data/1276187/000119312526298149/d86030dex991.htm,True,
ET-PD,2026-07-08 00:00:00,https://www.sec.gov/Archives/edgar/data/1276187/000119312526298149/0001193125-26-298149-index.htm,8-K,8-K,https://www.sec.gov/Archives/edgar/data/1276187/000119312526298149/d86030d8k.htm,True,
ET-PD,2026-07-08 00:00:00,https://www.sec.gov/Archives/edgar/data/1276187/000119312526298149/0001193125-26-298149-index.htm,EX-99.1,EX-99.1,https://www.sec.gov/Archives/edgar/data/1276187/000119312526298149/d86030dex991.htm,True,
ET-PE,2026-07-08 00:00:00,https://www.sec.gov/Archives/edgar/data/1276187/000119312526298149/0001193125-26-298149-index.htm,8-K,8-K,https://www.sec.gov/Archives/edgar/data/1276187/000119312526298149/d86030d8k.htm,True,
ET-PE,2026-07-08 00:00:00,https://www.sec.gov/Archives/edgar/data/1276187/000119312526298149/0001193125-26-298149-index.htm,EX-99.1,EX-99.1,https://www.sec.gov/Archives/edgar/data/1276187/000119312526298149/d86030dex991.htm,True,
ET-PC,2026-07-08 00:00:00,https://www.sec.gov/Archives/edgar/data/1276187/000119312526298149/0001193125-26-298149-index.htm,8-K,8-K,https://www.sec.gov/Archives/edgar/data/1276187/000119312526298149/d86030d8k.htm,True,
ET-PC,2026-07-08 00:00:00,https://www.sec.gov/Archives/edgar/data/1276187/000119312526298149/0001193125-26-298149-index.htm,EX-99.1,EX-99.1,https://www.sec.gov/Archives/edgar/data/1276187/000119312526298149/d86030dex991.htm,True,
ET,2026-07-08 00:00:00,https://www.sec.gov/Archives/edgar/data/1276187/000119312526298149/0001193125-26-298149-index.htm,8-K,8-K,https://www.sec.gov/Archives/edgar/data/1276187/000119312526298149/d86030d8k.htm,True,
ET,2026-07-08 00:00:00,https://www.sec.gov/Archives/edgar/data/1276187/000119312526298149/0001193125-26-298149-index.htm,EX-99.1,EX-99.1,https://www.sec.gov/Archives/edgar/data/1276187/000119312526298149/d86030dex991.htm,True,
None,2026-07-08 00:00:00,https://www.sec.gov/Archives/edgar/data/1721781/000172178126000018/0001721781-26-000018-index.htm,8-K,8-K,https://www.sec.gov/Archives/edgar/data/1721781/000172178126000018/aeptx-20260707.htm,True,
None,2026-07-08 00:00:00,https://www.sec.gov/Archives/edgar/data/1721781/000172178126000018/0001721781-26-000018-index.htm,EX-10.1,EX-10.1,https://www.sec.gov/Archives/edgar/data/1721781/000172178126000018/exhibit101notepurchaseagre.htm,True,
None,2026-07-08 00:00:00,https://www.sec.gov/Archives/edgar/data/1721781/000172178126000018/0001721781-26-000018-index.htm,EX-10.2,EX-10.2,https://www.sec.gov/Archives/edgar/data/1721781/000172178126000018/exhibit102futureadvancepro.htm,False,
None,2026-07-08 00:00:00,https://www.sec.gov/Archives/edgar/data/1721781/000172178126000018/0001721781-26-000018-index.htm,EX-99.1,EX-99.1,https://www.sec.gov/Archives/edgar/data/1721781/000172178126000018/a07-2026aeptexasxdoeloanpr.htm,False,
WDDD,2026-07-08 00:00:00,https://www.sec.gov/Archives/edgar/data/1961/000000196126000034/0000001961-26-000034-index.htm,8-K,,https://www.sec.gov/Archives/edgar/data/1961/000000196126000034/wddd8k070126.htm,False,
BWMG,2026-07-08 00:00:00,https://www.sec.gov/Archives/edgar/data/1166708/000149315226032422/0001493152-26-032422-index.htm,8-K,8-K,https://www.sec.gov/Archives/edgar/data/1166708/000149315226032422/form8-k.htm,True,
BWMG,2026-07-08 00:00:00,https://www.sec.gov/Archives/edgar/data/1166708/000149315226032422/0001493152-26-032422-index.htm,EX-10.1,EX-10.1,https://www.sec.gov/Archives/edgar/data/1166708/000149315226032422/ex10-1.htm,False,
BUKS,2026-07-08 00:00:00,https://www.sec.gov/Archives/edgar/data/15847/000001584726000022/0000015847-26-000022-index.htm,8-K,8-K,https://www.sec.gov/Archives/edgar/data/15847/000001584726000022/buks-20260708.htm,False,
BUKS,2026-07-08 00:00:00,https://www.sec.gov/Archives/edgar/data/15847/000001584726000022/0000015847-26-000022-index.htm,EX-99.1,EX-99.1,https://www.sec.gov/Archives/edgar/data/15847/000001584726000022/buks-exx99x2026pressrelease.htm,False,
CHSCN,2026-07-08 00:00:00,https://www.sec.gov/Archives/edgar/data/823277/000082327726000022/0000823277-26-000022-index.htm,8-K,8-K,https://www.sec.gov/Archives/edgar/data/823277/000082327726000022/chscp-20260708.htm,False,
CHSCO,2026-07-08 00:00:00,https://www.sec.gov/Archives/edgar/data/823277/000082327726000022/0000823277-26-000022-index.htm,8-K,8-K,https://www.sec.gov/Archives/edgar/data/823277/000082327726000022/chscp-20260708.htm,False,
CHSCP,2026-07-08 00:00:00,https://www.sec.gov/Archives/edgar/data/823277/000082327726000022/0000823277-26-000022-index.htm,8-K,8-K,https://www.sec.gov/Archives/edgar/data/823277/000082327726000022/chscp-20260708.htm,False,
CHSCL,2026-07-08 00:00:00,https://www.sec.gov/Archives/edgar/data/823277/000082327726000022/0000823277-26-000022-index.htm,8-K,8-K,https://www.sec.gov/Archives/edgar/data/823277/000082327726000022/chscp-20260708.htm,False,
CHSCM,2026-07-08 00:00:00,https://www.sec.gov/Archives/edgar/data/823277/000082327726000022/0000823277-26-000022-index.htm,8-K,8-K,https://www.sec.gov/Archives/edgar/data/823277/000082327726000022/chscp-20260708.htm,False,
AXTI,2026-07-08 00:00:00,https://www.sec.gov/Archives/edgar/data/1051627/000143774926022984/0001437749-26-022984-index.htm,8-K,FORM 8-K,https://www.sec.gov/Archives/edgar/data/1051627/000143774926022984/axti20260629_8k.htm,False,
UPLD,2026-07-08 00:00:00,https://www.sec.gov/Archives/edgar/data/1505155/000150515526000055/0001505155-26-000055-index.htm,8-K,8-K,https://www.sec.gov/Archives/edgar/data/1505155/000150515526000055/upld-20260702.htm,False,
UPLD,2026-07-08 00:00:00,https://www.sec.gov/Archives/edgar/data/1505155/000150515526000055/0001505155-26-000055-index.htm,EX-99.1,EX-99.1,https://www.sec.gov/Archives/edgar/data/1505155/000150515526000055/uplandsoftwareincregainsco.htm,False,
GTLB,2026-07-08 00:00:00,https://www.sec.gov/Archives/edgar/data/1653482/000165348226000145/0001653482-26-000145-index.htm,8-K,8-K,https://www.sec.gov/Archives/edgar/data/1653482/000165348226000145/gtlb-20260708.htm,False,
GTLB,2026-07-08 00:00:00,https://www.sec.gov/Archives/edgar/data/1653482/000165348226000145/0001653482-26-000145-index.htm,EX-99.1,EX-99.1,https://www.sec.gov/Archives/edgar/data/1653482/000165348226000145/exhibit991-businessupdat.htm,False,
STRL,2026-07-08 00:00:00,https://www.sec.gov/Archives/edgar/data/874238/000087423826000093/0000874238-26-000093-index.htm,8-K,FORM 8-K,https://www.sec.gov/Archives/edgar/data/874238/000087423826000093/strl-20260702.htm,True,
STRL,2026-07-08 00:00:00,https://www.sec.gov/Archives/edgar/data/874238/000087423826000093/0000874238-26-000093-index.htm,EX-10.1,EX-10.1,https://www.sec.gov/Archives/edgar/data/874238/000087423826000093/exhibit101-secondamended.htm,True,
STRL,2026-07-08 00:00:00,https://www.sec.gov/Archives/edgar/data/874238/000087423826000093/0000874238-26-000093-index.htm,EX-99.1,EX-99.1,https://www.sec.gov/Archives/edgar/data/874238/000087423826000093/a20260708ex991pressrelease.htm,True,
EOLS,2026-07-08 00:00:00,https://www.sec.gov/Archives/edgar/data/1570562/000157056226000079/0001570562-26-000079-index.htm,8-K,8-K,https://www.sec.gov/Archives/edgar/data/1570562/000157056226000079/eols-20260707.htm,True,
EOLS,2026-07-08 00:00:00,https://www.sec.gov/Archives/edgar/data/1570562/000157056226000079/0001570562-26-000079-index.htm,EX-99.1,EX-99.1,https://www.sec.gov/Archives/edgar/data/1570562/000157056226000079/a78268kex991.htm,False,
EYEN,2026-07-08 00:00:00,https://www.sec.gov/Archives/edgar/data/1682639/000110465926081616/0001104659-26-081616-index.htm,8-K,FORM 8-K,https://www.sec.gov/Archives/edgar/data/1682639/000110465926081616/tm2619949d1_8k.htm,False,
EYEN,2026-07-08 00:00:00,https://www.sec.gov/Archives/edgar/data/1682639/000110465926081616/0001104659-26-081616-index.htm,EX-10.1,EXHIBIT 10.1,https://www.sec.gov/Archives/edgar/data/1682639/000110465926081616/tm2619949d1ex10-1.htm,False,
EYEN,2026-07-08 00:00:00,https://www.sec.gov/Archives/edgar/data/1682639/000110465926081616/0001104659-26-081616-index.htm,EX-10.2,EXHIBIT 10.2,https://www.sec.gov/Archives/edgar/data/1682639/000110465926081616/tm2619949d1ex10-2.htm,False,
None,2026-07-08 00:00:00,https://www.sec.gov/Archives/edgar/data/1893899/000106299326003555/0001062993-26-003555-index.htm,8-K,FORM 8-K,https://www.sec.gov/Archives/edgar/data/1893899/000106299326003555/form8k.htm,False,
None,2026-07-08 00:00:00,https://www.sec.gov/Archives/edgar/data/1893899/000106299326003555/0001062993-26-003555-index.htm,EX-99.1,EXHIBIT 99.1,https://www.sec.gov/Archives/edgar/data/1893899/000106299326003555/exhibit99-1.htm,False,
MXF,2026-07-08 00:00:00,https://www.sec.gov/Archives/edgar/data/65433/000165495426006539/0001654954-26-006539-index.htm,8-K,FORM 8-K,https://www.sec.gov/Archives/edgar/data/65433/000165495426006539/mxf_8k.htm,False,
ONFO,2026-07-08 00:00:00,https://www.sec.gov/Archives/edgar/data/1825452/000165495426006537/0001654954-26-006537-index.htm,8-K,FORM 8-K,https://www.sec.gov/Archives/edgar/data/1825452/000165495426006537/onfo_8k.htm,True,
ONFO,2026-07-08 00:00:00,https://www.sec.gov/Archives/edgar/data/1825452/000165495426006537/0001654954-26-006537-index.htm,EX-10.1,BINDING LETTER OF INTENT,https://www.sec.gov/Archives/edgar/data/1825452/000165495426006537/onfo_ex101.htm,False,
ONFO,2026-07-08 00:00:00,https://www.sec.gov/Archives/edgar/data/1825452/000165495426006537/0001654954-26-006537-index.htm,EX-10.2,LIMITED WAIVER AND CONSENT AGREEMENT,https://www.sec.gov/Archives/edgar/data/1825452/000165495426006537/onfo_ex102.htm,False,
ONFO,2026-07-08 00:00:00,https://www.sec.gov/Archives/edgar/data/1825452/000165495426006537/0001654954-26-006537-index.htm,EX-99.1,PRESS RELEASE,https://www.sec.gov/Archives/edgar/data/1825452/000165495426006537/onfo_ex991.htm,False,
ONFOW,2026-07-08 00:00:00,https://www.sec.gov/Archives/edgar/data/1825452/000165495426006537/0001654954-26-006537-index.htm,8-K,FORM 8-K,https://www.sec.gov/Archives/edgar/data/1825452/000165495426006537/onfo_8k.htm,True,
ONFOW,2026-07-08 00:00:00,https://www.sec.gov/Archives/edgar/data/1825452/000165495426006537/0001654954-26-006537-index.htm,EX-10.1,BINDING LETTER OF INTENT,https://www.sec.gov/Archives/edgar/data/1825452/000165495426006537/onfo_ex101.htm,False,
ONFOW,2026-07-08 00:00:00,https://www.sec.gov/Archives/edgar/data/1825452/000165495426006537/0001654954-26-006537-index.htm,EX-10.2,LIMITED WAIVER AND CONSENT AGREEMENT,https://www.sec.gov/Archives/edgar/data/1825452/000165495426006537/onfo_ex102.htm,False,
ONFOW,2026-07-08 00:00:00,https://www.sec.gov/Archives/edgar/data/1825452/000165495426006537/0001654954-26-006537-index.htm,EX-99.1,PRESS RELEASE,https://www.sec.gov/Archives/edgar/data/1825452/000165495426006537/onfo_ex991.htm,False,
None,2026-07-08 00:00:00,https://www.sec.gov/Archives/edgar/data/2033383/000149315226032415/0001493152-26-032415-index.htm,8-K,8-K,https://www.sec.gov/Archives/edgar/data/2033383/000149315226032415/form8-k.htm,False,
None,2026-07-08 00:00:00,https://www.sec.gov/Archives/edgar/data/2033383/000149315226032415/0001493152-26-032415-index.htm,EX-99.1,EX-99.1,https://www.sec.gov/Archives/edgar/data/2033383/000149315226032415/ex99-1.htm,False,
ESPR,2026-07-08 00:00:00,https://www.sec.gov/Archives/edgar/data/1434868/000110465926081588/0001104659-26-081588-index.htm,8-K,FORM 8-K,https://www.sec.gov/Archives/edgar/data/1434868/000110465926081588/tm2620034d1_8k.htm,False,
GMRS,2026-07-08 00:00:00,https://www.sec.gov/Archives/edgar/data/1898718/000110465926081586/0001104659-26-081586-index.htm,8-K,FORM 8-K,https://www.sec.gov/Archives/edgar/data/1898718/000110465926081586/tm2619986d1_8k.htm,False,
GMRS,2026-07-08 00:00:00,https://www.sec.gov/Archives/edgar/data/1898718/000110465926081586/0001104659-26-081586-index.htm,EX-99.1,EXHIBIT 99.1,https://www.sec.gov/Archives/edgar/data/1898718/000110465926081586/tm2619986d1_ex99-1.htm,False,
NSA,2026-07-08 00:00:00,https://www.sec.gov/Archives/edgar/data/1618563/000110465926081584/0001104659-26-081584-index.htm,8-K,FORM 8-K,https://www.sec.gov/Archives/edgar/data/1618563/000110465926081584/tm2619947d1_8k.htm,False,
NSA-PA,2026-07-08 00:00:00,https://www.sec.gov/Archives/edgar/data/1618563/000110465926081584/0001104659-26-081584-index.htm,8-K,FORM 8-K,https://www.sec.gov/Archives/edgar/data/1618563/000110465926081584/tm2619947d1_8k.htm,False,
NSA-PB,2026-07-08 00:00:00,https://www.sec.gov/Archives/edgar/data/1618563/000110465926081584/0001104659-26-081584-index.htm,8-K,FORM 8-K,https://www.sec.gov/Archives/edgar/data/1618563/000110465926081584/tm2619947d1_8k.htm,False,
EPAC,2026-07-08 00:00:00,https://www.sec.gov/Archives/edgar/data/6955/000117184326004528/0001171843-26-004528-index.htm,8-K,FORM 8-K,https://www.sec.gov/Archives/edgar/data/6955/000117184326004528/f8k_070826.htm,False,
EPAC,2026-07-08 00:00:00,https://www.sec.gov/Archives/edgar/data/6955/000117184326004528/0001171843-26-004528-index.htm,EX-99.1,PRESS RELEASE,https://www.sec.gov/Archives/edgar/data/6955/000117184326004528/exh_991.htm,True,
TDACU,2026-07-08 00:00:00,https://www.sec.gov/Archives/edgar/data/1926599/000110465926081579/0001104659-26-081579-index.htm,8-K,FORM 8-K,https://www.sec.gov/Archives/edgar/data/1926599/000110465926081579/tm2619975d1_8k.htm,False,
TDACU,2026-07-08 00:00:00,https://www.sec.gov/Archives/edgar/data/1926599/000110465926081579/0001104659-26-081579-index.htm,EX-99.1,EXHIBIT 99.1,https://www.sec.gov/Archives/edgar/data/1926599/000110465926081579/tm2619975d1_ex99-1.htm,False,
TDAC,2026-07-08 00:00:00,https://www.sec.gov/Archives/edgar/data/1926599/000110465926081579/0001104659-26-081579-index.htm,8-K,FORM 8-K,https://www.sec.gov/Archives/edgar/data/1926599/000110465926081579/tm2619975d1_8k.htm,False,
TDAC,2026-07-08 00:00:00,https://www.sec.gov/Archives/edgar/data/1926599/000110465926081579/0001104659-26-081579-index.htm,EX-99.1,EXHIBIT 99.1,https://www.sec.gov/Archives/edgar/data/1926599/000110465926081579/tm2619975d1_ex99-1.htm,False,
AQB,2026-07-08 00:00:00,https://www.sec.gov/Archives/edgar/data/1603978/000160397826000077/0001603978-26-000077-index.htm,8-K,8-K,https://www.sec.gov/Archives/edgar/data/1603978/000160397826000077/aqb-20260706x8k.htm,False,
AZTA,2026-07-08 00:00:00,https://www.sec.gov/Archives/edgar/data/933974/000162828026047591/0001628280-26-047591-index.htm,8-K,8-K,https://www.sec.gov/Archives/edgar/data/933974/000162828026047591/azta-20260701.htm,True,
AZTA,2026-07-08 00:00:00,https://www.sec.gov/Archives/edgar/data/933974/000162828026047591/0001628280-26-047591-index.htm,EX-10.1,EX-10.1,https://www.sec.gov/Archives/edgar/data/933974/000162828026047591/exhibit101-xexxazentaxthel.htm,True,
AZTA,2026-07-08 00:00:00,https://www.sec.gov/Archives/edgar/data/933974/000162828026047591/0001628280-26-047591-index.htm,EX-10.2,EX-10.2,https://www.sec.gov/Archives/edgar/data/933974/000162828026047591/exhibit102-xexxazentaxthel.htm,True,
AZTA,2026-07-08 00:00:00,https://www.sec.gov/Archives/edgar/data/933974/000162828026047591/0001628280-26-047591-index.htm,EX-99.1,EX-99.1,https://www.sec.gov/Archives/edgar/data/933974/000162828026047591/exhibit991-xazentapressrel.htm,False,
BRKS,2026-07-08 00:00:00,https://www.sec.gov/Archives/edgar/data/933974/000162828026047591/0001628280-26-047591-index.htm,8-K,8-K,https://www.sec.gov/Archives/edgar/data/933974/000162828026047591/azta-20260701.htm,True,
BRKS,2026-07-08 00:00:00,https://www.sec.gov/Archives/edgar/data/933974/000162828026047591/0001628280-26-047591-index.htm,EX-10.1,EX-10.1,https://www.sec.gov/Archives/edgar/data/933974/000162828026047591/exhibit101-xexxazentaxthel.htm,True,
BRKS,2026-07-08 00:00:00,https://www.sec.gov/Archives/edgar/data/933974/000162828026047591/0001628280-26-047591-index.htm,EX-10.2,EX-10.2,https://www.sec.gov/Archives/edgar/data/933974/000162828026047591/exhibit102-xexxazentaxthel.htm,True,
BRKS,2026-07-08 00:00:00,https://www.sec.gov/Archives/edgar/data/933974/000162828026047591/0001628280-26-047591-index.htm,EX-99.1,EX-99.1,https://www.sec.gov/Archives/edgar/data/933974/000162828026047591/exhibit991-xazentapressrel.htm,False,
LMFA,2026-07-08 00:00:00,https://www.sec.gov/Archives/edgar/data/1640384/000119312526298007/0001193125-26-298007-index.htm,8-K,8-K,https://www.sec.gov/Archives/edgar/data/1640384/000119312526298007/lmfa-20260708.htm,False,
LMFA,2026-07-08 00:00:00,https://www.sec.gov/Archives/edgar/data/1640384/000119312526298007/0001193125-26-298007-index.htm,EX-99.1,EX-99.1,https://www.sec.gov/Archives/edgar/data/1640384/000119312526298007/lmfa-ex99_1.htm,False,
PRME,2026-07-08 00:00:00,https://www.sec.gov/Archives/edgar/data/1894562/000162828026047590/0001628280-26-047590-index.htm,8-K,8-K,https://www.sec.gov/Archives/edgar/data/1894562/000162828026047590/prme-20260706.htm,False,
LOKB,2026-07-08 00:00:00,https://www.sec.gov/Archives/edgar/data/1821769/000110465926081576/0001104659-26-081576-index.htm,8-K,FORM 8-K,https://www.sec.gov/Archives/edgar/data/1821769/000110465926081576/tm2620013d1_8k.htm,False,
LOKB,2026-07-08 00:00:00,https://www.sec.gov/Archives/edgar/data/1821769/000110465926081576/0001104659-26-081576-index.htm,EX-99.1,EXHIBIT 99.1,https://www.sec.gov/Archives/edgar/data/1821769/000110465926081576/tm2620013d1_ex99-1.htm,False,
NVTSW,2026-07-08 00:00:00,https://www.sec.gov/Archives/edgar/data/1821769/000110465926081576/0001104659-26-081576-index.htm,8-K,FORM 8-K,https://www.sec.gov/Archives/edgar/data/1821769/000110465926081576/tm2620013d1_8k.htm,False,
NVTSW,2026-07-08 00:00:00,https://www.sec.gov/Archives/edgar/data/1821769/000110465926081576/0001104659-26-081576-index.htm,EX-99.1,EXHIBIT 99.1,https://www.sec.gov/Archives/edgar/data/1821769/000110465926081576/tm2620013d1_ex99-1.htm,False,
NVTS,2026-07-08 00:00:00,https://www.sec.gov/Archives/edgar/data/1821769/000110465926081576/0001104659-26-081576-index.htm,8-K,FORM 8-K,https://www.sec.gov/Archives/edgar/data/1821769/000110465926081576/tm2620013d1_8k.htm,False,
NVTS,2026-07-08 00:00:00,https://www.sec.gov/Archives/edgar/data/1821769/000110465926081576/0001104659-26-081576-index.htm,EX-99.1,EXHIBIT 99.1,https://www.sec.gov/Archives/edgar/data/1821769/000110465926081576/tm2620013d1_ex99-1.htm,False,
ZEOX,2026-07-08 00:00:00,https://www.sec.gov/Archives/edgar/data/1557376/000182912626007394/0001829126-26-007394-index.htm,8-K,8-K,https://www.sec.gov/Archives/edgar/data/1557376/000182912626007394/zeoscientifix_8k.htm,False,
ZEOX,2026-07-08 00:00:00,https://www.sec.gov/Archives/edgar/data/1557376/000182912626007394/0001829126-26-007394-index.htm,EX-99.1,EXHIBIT 99.1,https://www.sec.gov/Archives/edgar/data/1557376/000182912626007394/zeoscientifix_ex99-1.htm,False,
OCEL,2026-07-08 00:00:00,https://www.sec.gov/Archives/edgar/data/1557376/000182912626007394/0001829126-26-007394-index.htm,8-K,8-K,https://www.sec.gov/Archives/edgar/data/1557376/000182912626007394/zeoscientifix_8k.htm,False,
OCEL,2026-07-08 00:00:00,https://www.sec.gov/Archives/edgar/data/1557376/000182912626007394/0001829126-26-007394-index.htm,EX-99.1,EXHIBIT 99.1,https://www.sec.gov/Archives/edgar/data/1557376/000182912626007394/zeoscientifix_ex99-1.htm,False,
BPSR,2026-07-08 00:00:00,https://www.sec.gov/Archives/edgar/data/1557376/000182912626007394/0001829126-26-007394-index.htm,8-K,8-K,https://www.sec.gov/Archives/edgar/data/1557376/000182912626007394/zeoscientifix_8k.htm,False,
BPSR,2026-07-08 00:00:00,https://www.sec.gov/Archives/edgar/data/1557376/000182912626007394/0001829126-26-007394-index.htm,EX-99.1,EXHIBIT 99.1,https://www.sec.gov/Archives/edgar/data/1557376/000182912626007394/zeoscientifix_ex99-1.htm,False,
ALKSV,2026-07-08 00:00:00,https://www.sec.gov/Archives/edgar/data/1520262/000119312526298004/0001193125-26-298004-index.htm,8-K,8-K,https://www.sec.gov/Archives/edgar/data/1520262/000119312526298004/alks-20260706.htm,False,
ALKS,2026-07-08 00:00:00,https://www.sec.gov/Archives/edgar/data/1520262/000119312526298004/0001193125-26-298004-index.htm,8-K,8-K,https://www.sec.gov/Archives/edgar/data/1520262/000119312526298004/alks-20260706.htm,False,
MCRB,2026-07-08 00:00:00,https://www.sec.gov/Archives/edgar/data/1609809/000119312526298005/0001193125-26-298005-index.htm,8-K,8-K,https://www.sec.gov/Archives/edgar/data/1609809/000119312526298005/d130829d8k.htm,False,
MCRB,2026-07-08 00:00:00,https://www.sec.gov/Archives/edgar/data/1609809/000119312526298005/0001193125-26-298005-index.htm,EX-99.1,EX-99.1,https://www.sec.gov/Archives/edgar/data/1609809/000119312526298005/d130829dex991.htm,False,
AURA,2026-07-08 00:00:00,https://www.sec.gov/Archives/edgar/data/1501796/000119312526297992/0001193125-26-297992-index.htm,8-K,8-K,https://www.sec.gov/Archives/edgar/data/1501796/000119312526297992/aura-20260703.htm,False,
AURA,2026-07-08 00:00:00,https://www.sec.gov/Archives/edgar/data/1501796/000119312526297992/0001193125-26-297992-index.htm,EX-10.1,EX-10.1,https://www.sec.gov/Archives/edgar/data/1501796/000119312526297992/aura-ex10_1.htm,False,
AURA,2026-07-08 00:00:00,https://www.sec.gov/Archives/edgar/data/1501796/000119312526297992/0001193125-26-297992-index.htm,EX-99.1,EX-99.1,https://www.sec.gov/Archives/edgar/data/1501796/000119312526297992/aura-ex99_1.htm,False,
MNKPF,2026-07-08 00:00:00,https://www.sec.gov/Archives/edgar/data/1567892/000110465926081562/0001104659-26-081562-index.htm,8-K,FORM 8-K,https://www.sec.gov/Archives/edgar/data/1567892/000110465926081562/tm2619951d1_8k.htm,False,
MNKPF,2026-07-08 00:00:00,https://www.sec.gov/Archives/edgar/data/1567892/000110465926081562/0001104659-26-081562-index.htm,EX-99.1,EXHIBIT 99.1,https://www.sec.gov/Archives/edgar/data/1567892/000110465926081562/tm2619951d1_ex99-1.htm,False,
MNK,2026-07-08 00:00:00,https://www.sec.gov/Archives/edgar/data/1567892/000110465926081562/0001104659-26-081562-index.htm,8-K,FORM 8-K,https://www.sec.gov/Archives/edgar/data/1567892/000110465926081562/tm2619951d1_8k.htm,False,
MNK,2026-07-08 00:00:00,https://www.sec.gov/Archives/edgar/data/1567892/000110465926081562/0001104659-26-081562-index.htm,EX-99.1,EXHIBIT 99.1,https://www.sec.gov/Archives/edgar/data/1567892/000110465926081562/tm2619951d1_ex99-1.htm,False,
MNKKQ,2026-07-08 00:00:00,https://www.sec.gov/Archives/edgar/data/1567892/000110465926081562/0001104659-26-081562-index.htm,8-K,FORM 8-K,https://www.sec.gov/Archives/edgar/data/1567892/000110465926081562/tm2619951d1_8k.htm,False,
MNKKQ,2026-07-08 00:00:00,https://www.sec.gov/Archives/edgar/data/1567892/000110465926081562/0001104659-26-081562-index.htm,EX-99.1,EXHIBIT 99.1,https://www.sec.gov/Archives/edgar/data/1567892/000110465926081562/tm2619951d1_ex99-1.htm,False,
SOTK,2026-07-08 00:00:00,https://www.sec.gov/Archives/edgar/data/806172/000117152026000166/0001171520-26-000166-index.htm,8-K,,https://www.sec.gov/Archives/edgar/data/806172/000117152026000166/eps12668.htm,False,
SOTK,2026-07-08 00:00:00,https://www.sec.gov/Archives/edgar/data/806172/000117152026000166/0001171520-26-000166-index.htm,EX-99.1,SONO-TEK CORPORATION REPORTS FIRST QUARTER FISCAL 2027 RESULTS,https://www.sec.gov/Archives/edgar/data/806172/000117152026000166/ex99-1.htm,False,
MRNA,2026-07-08 00:00:00,https://www.sec.gov/Archives/edgar/data/1682852/000168285226000134/0001682852-26-000134-index.htm,8-K,8-K,https://www.sec.gov/Archives/edgar/data/1682852/000168285226000134/mrna-20260706.htm,False,
MRNA,2026-07-08 00:00:00,https://www.sec.gov/Archives/edgar/data/1682852/000168285226000134/0001682852-26-000134-index.htm,EX-99.1,EX-99.1,https://www.sec.gov/Archives/edgar/data/1682852/000168285226000134/exhibit991-07082026.htm,False,
STRCW,2026-07-08 00:00:00,https://www.sec.gov/Archives/edgar/data/1826681/000119312526297985/0001193125-26-297985-index.htm,8-K,8-K,https://www.sec.gov/Archives/edgar/data/1826681/000119312526297985/pdyn-20260708.htm,False,
STRCW,2026-07-08 00:00:00,https://www.sec.gov/Archives/edgar/data/1826681/000119312526297985/0001193125-26-297985-index.htm,EX-99.1,EX-99.1,https://www.sec.gov/Archives/edgar/data/1826681/000119312526297985/pdyn-ex99_1.htm,False,
PDYN,2026-07-08 00:00:00,https://www.sec.gov/Archives/edgar/data/1826681/000119312526297985/0001193125-26-297985-index.htm,8-K,8-K,https://www.sec.gov/Archives/edgar/data/1826681/000119312526297985/pdyn-20260708.htm,False,
PDYN,2026-07-08 00:00:00,https://www.sec.gov/Archives/edgar/data/1826681/000119312526297985/0001193125-26-297985-index.htm,EX-99.1,EX-99.1,https://www.sec.gov/Archives/edgar/data/1826681/000119312526297985/pdyn-ex99_1.htm,False,
ROT,2026-07-08 00:00:00,https://www.sec.gov/Archives/edgar/data/1826681/000119312526297985/0001193125-26-297985-index.htm,8-K,8-K,https://www.sec.gov/Archives/edgar/data/1826681/000119312526297985/pdyn-20260708.htm,False,
ROT,2026-07-08 00:00:00,https://www.sec.gov/Archives/edgar/data/1826681/000119312526297985/0001193125-26-297985-index.htm,EX-99.1,EX-99.1,https://www.sec.gov/Archives/edgar/data/1826681/000119312526297985/pdyn-ex99_1.htm,False,
PDYNW,2026-07-08 00:00:00,https://www.sec.gov/Archives/edgar/data/1826681/000119312526297985/0001193125-26-297985-index.htm,8-K,8-K,https://www.sec.gov/Archives/edgar/data/1826681/000119312526297985/pdyn-20260708.htm,False,
PDYNW,2026-07-08 00:00:00,https://www.sec.gov/Archives/edgar/data/1826681/000119312526297985/0001193125-26-297985-index.htm,EX-99.1,EX-99.1,https://www.sec.gov/Archives/edgar/data/1826681/000119312526297985/pdyn-ex99_1.htm,False,
STRC,2026-07-08 00:00:00,https://www.sec.gov/Archives/edgar/data/1826681/000119312526297985/0001193125-26-297985-index.htm,8-K,8-K,https://www.sec.gov/Archives/edgar/data/1826681/000119312526297985/pdyn-20260708.htm,False,
STRC,2026-07-08 00:00:00,https://www.sec.gov/Archives/edgar/data/1826681/000119312526297985/0001193125-26-297985-index.htm,EX-99.1,EX-99.1,https://www.sec.gov/Archives/edgar/data/1826681/000119312526297985/pdyn-ex99_1.htm,False,
OVID,2026-07-08 00:00:00,https://www.sec.gov/Archives/edgar/data/1636651/000162828026047584/0001628280-26-047584-index.htm,8-K,8-K,https://www.sec.gov/Archives/edgar/data/1636651/000162828026047584/ovid-20260707.htm,False,
DFH,2026-07-08 00:00:00,https://www.sec.gov/Archives/edgar/data/1825088/000162828026047583/0001628280-26-047583-index.htm,8-K,8-K,https://www.sec.gov/Archives/edgar/data/1825088/000162828026047583/dream-20260708.htm,False,
DFH,2026-07-08 00:00:00,https://www.sec.gov/Archives/edgar/data/1825088/000162828026047583/0001628280-26-047583-index.htm,EX-99.1,EX-99.1,https://www.sec.gov/Archives/edgar/data/1825088/000162828026047583/ex-991pressreleasexrevised.htm,False,
TMQ,2026-07-08 00:00:00,https://www.sec.gov/Archives/edgar/data/1543418/000127956926000637/0001279569-26-000637-index.htm,8-K,FORM 8-K,https://www.sec.gov/Archives/edgar/data/1543418/000127956926000637/form8k.htm,False,
TMQ,2026-07-08 00:00:00,https://www.sec.gov/Archives/edgar/data/1543418/000127956926000637/0001279569-26-000637-index.htm,EX-99.1,"NEWS RELEASE DATED JULY 8, 2026",https://www.sec.gov/Archives/edgar/data/1543418/000127956926000637/ex991.htm,False,
TMQ,2026-07-08 00:00:00,https://www.sec.gov/Archives/edgar/data/1543418/000127956926000637/0001279569-26-000637-index.htm,EX-99.1,PRINTER FRIENDLY VERSION,https://www.sec.gov/Archives/edgar/data/1543418/000127956926000637/ex991.pdf,False,
DINO,2026-07-08 00:00:00,https://www.sec.gov/Archives/edgar/data/1915657/000119312526297981/0001193125-26-297981-index.htm,8-K,8-K,https://www.sec.gov/Archives/edgar/data/1915657/000119312526297981/d125995d8k.htm,False,
DINO,2026-07-08 00:00:00,https://www.sec.gov/Archives/edgar/data/1915657/000119312526297981/0001193125-26-297981-index.htm,EX-99.1,EX-99.1,https://www.sec.gov/Archives/edgar/data/1915657/000119312526297981/d125995dex991.htm,False,
HELE,2026-07-08 00:00:00,https://www.sec.gov/Archives/edgar/data/916789/000091678926000094/0000916789-26-000094-index.htm,8-K,FORM 8-K,https://www.sec.gov/Archives/edgar/data/916789/000091678926000094/hele-20260708.htm,False,
HELE,2026-07-08 00:00:00,https://www.sec.gov/Archives/edgar/data/916789/000091678926000094/0000916789-26-000094-index.htm,EX-99.1,EX-99.1 PRESS RELEASE,https://www.sec.gov/Archives/edgar/data/916789/000091678926000094/fy27_q1xex-991.htm,True,
BCAR,2026-07-08 00:00:00,https://www.sec.gov/Archives/edgar/data/2065779/000182912626007391/0001829126-26-007391-index.htm,8-K,8-K,https://www.sec.gov/Archives/edgar/data/2065779/000182912626007391/dboralarcacq1_8k.htm,False,
BCAR,2026-07-08 00:00:00,https://www.sec.gov/Archives/edgar/data/2065779/000182912626007391/0001829126-26-007391-index.htm,EX-99.1,EXHIBIT 99.1,https://www.sec.gov/Archives/edgar/data/2065779/000182912626007391/dboralarcacq1_ex99-1.htm,False,
BCARW,2026-07-08 00:00:00,https://www.sec.gov/Archives/edgar/data/2065779/000182912626007391/0001829126-26-007391-index.htm,8-K,8-K,https://www.sec.gov/Archives/edgar/data/2065779/000182912626007391/dboralarcacq1_8k.htm,False,
BCARW,2026-07-08 00:00:00,https://www.sec.gov/Archives/edgar/data/2065779/000182912626007391/0001829126-26-007391-index.htm,EX-99.1,EXHIBIT 99.1,https://www.sec.gov/Archives/edgar/data/2065779/000182912626007391/dboralarcacq1_ex99-1.htm,False,
BCARU,2026-07-08 00:00:00,https://www.sec.gov/Archives/edgar/data/2065779/000182912626007391/0001829126-26-007391-index.htm,8-K,8-K,https://www.sec.gov/Archives/edgar/data/2065779/000182912626007391/dboralarcacq1_8k.htm,False,
BCARU,2026-07-08 00:00:00,https://www.sec.gov/Archives/edgar/data/2065779/000182912626007391/0001829126-26-007391-index.htm,EX-99.1,EXHIBIT 99.1,https://www.sec.gov/Archives/edgar/data/2065779/000182912626007391/dboralarcacq1_ex99-1.htm,False,
BNL,2026-07-08 00:00:00,https://www.sec.gov/Archives/edgar/data/1424182/000142418226000054/0001424182-26-000054-index.htm,8-K,8-K,https://www.sec.gov/Archives/edgar/data/1424182/000142418226000054/bnl-20260708.htm,False,
BNL,2026-07-08 00:00:00,https://www.sec.gov/Archives/edgar/data/1424182/000142418226000054/0001424182-26-000054-index.htm,EX-99.1,EX-99.1,https://www.sec.gov/Archives/edgar/data/1424182/000142418226000054/july2026pressrelease.htm,False,
GME,2026-07-08 00:00:00,https://www.sec.gov/Archives/edgar/data/1326380/000132638026000038/0001326380-26-000038-index.htm,8-K,8-K,https://www.sec.gov/Archives/edgar/data/1326380/000132638026000038/gme-20260707.htm,False,
GME,2026-07-08 00:00:00,https://www.sec.gov/Archives/edgar/data/1326380/000132638026000038/0001326380-26-000038-index.htm,EX-99.1,EX-99.1,https://www.sec.gov/Archives/edgar/data/1326380/000132638026000038/pressrelease-2026annualmee.htm,False,
AMPG,2026-07-08 00:00:00,https://www.sec.gov/Archives/edgar/data/1518461/000149315226032398/0001493152-26-032398-index.htm,8-K,8-K,https://www.sec.gov/Archives/edgar/data/1518461/000149315226032398/form8-k.htm,False,
AMPGW,2026-07-08 00:00:00,https://www.sec.gov/Archives/edgar/data/1518461/000149315226032398/0001493152-26-032398-index.htm,8-K,8-K,https://www.sec.gov/Archives/edgar/data/1518461/000149315226032398/form8-k.htm,False,
